Date,SPY
9/10/2018,288.1
9/7/2018,287.6
9/6/2018,288.16
9/5/2018,289.03
9/4/2018,289.81
8/31/2018,290.31
8/30/2018,290.3
8/29/2018,291.48
8/28/2018,289.92
8/27/2018,289.78
8/24/2018,287.51
8/23/2018,285.79
8/22/2018,286.17
8/21/2018,286.34
8/20/2018,285.67
8/17/2018,285.06
8/16/2018,284.06
8/15/2018,281.78
8/14/2018,283.9
8/13/2018,282.1
8/10/2018,283.16
8/9/2018,285.07
8/8/2018,285.46
8/7/2018,285.58
8/6/2018,284.64
8/3/2018,283.6
8/2/2018,282.39
8/1/2018,280.86
7/31/2018,281.33
7/30/2018,279.95
7/27/2018,281.42
7/26/2018,283.34
7/25/2018,284.01
7/24/2018,281.61
7/23/2018,280.2
7/20/2018,279.68
7/19/2018,280
7/18/2018,281.06
7/17/2018,280.47
7/16/2018,279.34
7/13/2018,279.59
7/12/2018,279.37
7/11/2018,276.86
7/10/2018,278.9
7/9/2018,277.9
7/6/2018,275.42
7/5/2018,273.11
7/3/2018,270.9
7/2/2018,271.86
6/29/2018,271.28
6/28/2018,270.89
6/27/2018,269.35
6/26/2018,271.6
6/25/2018,271
6/22/2018,274.74
6/21/2018,274.24
6/20/2018,275.97
6/19/2018,275.5
6/18/2018,276.56
6/15/2018,277.13
6/14/2018,277.484
6/13/2018,276.7871
6/12/2018,277.6732
6/11/2018,277.3148
6/8/2018,276.9464
6/7/2018,276.1301
6/6/2018,276.1599
6/5/2018,273.8702
6/4/2018,273.6711
6/1/2018,272.3769
5/31/2018,269.7288
5/30/2018,271.3913
5/29/2018,267.8174
5/25/2018,270.9334
5/24/2018,271.5805
5/23/2018,272.138
5/22/2018,271.3913
5/21/2018,272.1479
5/18/2018,270.1171
5/17/2018,270.794
5/16/2018,271.023
5/15/2018,269.8881
5/14/2018,271.7597
5/11/2018,271.6303
5/10/2018,270.804
5/9/2018,268.2953
5/8/2018,265.7268
5/7/2018,265.7268
5/4/2018,264.8308
5/3/2018,261.446
5/2/2018,262.0234
5/1/2018,263.7955
4/30/2018,263.3276
4/27/2018,265.3684
4/26/2018,265.1195
4/25/2018,262.4515
4/24/2018,261.8044
4/23/2018,265.3784
4/20/2018,265.4182
4/19/2018,267.688
4/18/2018,269.1813
4/17/2018,268.9822
4/16/2018,266.1349
4/13/2018,263.9647
4/12/2018,264.7412
4/11/2018,262.5809
4/10/2018,263.9647
4/9/2018,259.8333
4/6/2018,258.559
4/5/2018,264.4525
4/4/2018,262.3818
4/3/2018,259.6043
4/2/2018,256.319
3/29/2018,261.9736
3/28/2018,258.6685
3/27/2018,259.4351
3/26/2018,263.9249
3/23/2018,256.8964
3/22/2018,262.4913
3/21/2018,269.2211
3/20/2018,269.7388
3/19/2018,269.2808
3/16/2018,272.9743
3/15/2018,272.6786
3/14/2018,272.976
3/13/2018,274.384
3/12/2018,276.1689
3/9/2018,276.5159
3/8/2018,271.7862
3/7/2018,270.4773
3/6/2018,270.5765
3/5/2018,269.8923
3/2/2018,266.8085
3/1/2018,265.4402
2/28/2018,269.3568
2/27/2018,272.1134
2/26/2018,275.5541
2/23/2018,272.391
2/22/2018,268.1174
2/21/2018,267.7703
2/20/2018,269.109
2/16/2018,270.8045
2/15/2018,270.7252
2/14/2018,267.3142
2/13/2018,263.7545
2/12/2018,263.1001
2/9/2018,259.2925
2/8/2018,255.4552
2/7/2018,265.4105
2/6/2018,266.8581
2/5/2018,261.702
2/2/2018,273.1248
2/1/2018,279.203
1/31/2018,279.5203
1/30/2018,279.3815
1/29/2018,282.2768
1/26/2018,284.1608
1/25/2018,280.9085
1/24/2018,280.7895
1/23/2018,280.8986
1/22/2018,280.3037
1/19/2018,278.0429
1/18/2018,276.7836
1/17/2018,277.2496
1/16/2018,274.632
1/12/2018,275.5739
1/11/2018,273.7891
1/10/2018,271.806
1/9/2018,272.2225
1/8/2018,271.6077
1/5/2018,271.1119
1/4/2018,269.3172
1/3/2018,268.1868
1/2/2018,266.5012
12/29/2017,264.6073
12/28/2017,265.6088
12/27/2017,265.0634
12/26/2017,264.9345
12/22/2017,265.2518
12/21/2017,265.3212
12/20/2017,264.7758
12/19/2017,264.9147
12/18/2017,265.936
12/15/2017,264.2603
12/14/2017,262.0778
12/13/2017,263.1531
12/12/2017,263.1827
12/11/2017,262.7191
12/8/2017,261.9298
12/7/2017,260.5092
12/6/2017,259.6904
12/5/2017,259.6411
12/4/2017,260.5783
12/1/2017,260.894
11/30/2017,261.4366
11/29/2017,259.1676
11/28/2017,259.3254
11/27/2017,256.721
11/24/2017,256.8493
11/22/2017,256.2574
11/21/2017,256.4843
11/20/2017,254.817
11/17/2017,254.383
11/16/2017,255.1328
11/15/2017,252.9821
11/14/2017,254.2548
11/13/2017,254.8466
11/10/2017,254.6099
11/9/2017,254.6888
11/8/2017,255.6161
11/7/2017,255.1821
11/6/2017,255.3597
11/3/2017,254.9651
11/2/2017,254.1166
11/1/2017,254.018
10/31/2017,253.6826
10/30/2017,253.2879
10/27/2017,254.235
10/26/2017,252.1732
10/25/2017,251.8476
10/24/2017,253.1005
10/23/2017,252.6566
10/20/2017,253.6431
10/19/2017,252.3409
10/18/2017,252.2719
10/17/2017,252.0252
10/16/2017,251.8476
10/13/2017,251.5122
10/12/2017,251.2064
10/11/2017,251.5813
10/10/2017,251.1867
10/9/2017,250.5257
10/6/2017,250.94
10/5/2017,251.2262
10/4/2017,249.7464
10/3/2017,249.4504
10/2/2017,248.9177
9/29/2017,247.8424
9/28/2017,246.9743
9/27/2017,246.6783
9/26/2017,245.7214
9/25/2017,245.5734
9/22/2017,246.0765
9/21/2017,246.0272
9/20/2017,246.6882
9/19/2017,246.5994
9/18/2017,246.3528
9/15/2017,245.8299
9/14/2017,245.4994
9/13/2017,245.5779
9/12/2017,245.4601
9/11/2017,244.6356
9/8/2017,242.0538
9/7/2017,242.3385
9/6/2017,242.368
9/5/2017,241.5434
9/1/2017,243.2907
8/31/2017,242.9471
8/30/2017,241.4943
8/29/2017,240.3556
8/28/2017,240.0808
8/25/2017,240.0709
8/24/2017,239.5114
8/23/2017,240.0709
8/22/2017,240.9348
8/21/2017,238.4414
8/18/2017,238.2549
8/17/2017,238.6279
8/16/2017,242.4072
8/15/2017,241.9851
8/14/2017,242.0146
8/11/2017,239.639
8/10/2017,239.2856
8/9/2017,242.7115
8/8/2017,242.7214
8/7/2017,243.3202
8/4/2017,242.8686
8/3/2017,242.4269
8/2/2017,242.8981
8/1/2017,242.7803
7/31/2017,242.2404
7/28/2017,242.3778
7/27/2017,242.6625
7/26/2017,242.8882
7/25/2017,242.8784
7/24/2017,242.2894
7/21/2017,242.3483
7/20/2017,242.5643
7/19/2017,242.4563
7/18/2017,241.1507
7/17/2017,241.0231
7/14/2017,241.0526
7/13/2017,239.9335
7/12/2017,239.531
7/11/2017,237.7444
7/10/2017,237.9211
7/7/2017,237.6659
7/6/2017,236.1345
7/5/2017,238.3138
7/3/2017,237.7641
6/30/2017,237.3616
6/29/2017,236.9198
6/28/2017,239.0206
6/27/2017,236.9002
6/26/2017,238.8242
6/23/2017,238.6672
6/22/2017,238.3825
6/21/2017,238.4905
6/20/2017,238.5494
6/19/2017,240.1691
6/16/2017,238.1862
6/15/2017,238.1341
6/14/2017,238.5933
6/13/2017,238.8961
6/12/2017,237.7336
6/9/2017,237.7825
6/8/2017,238.1439
6/7/2017,238.0267
6/6/2017,237.5871
6/5/2017,238.3491
6/2/2017,238.5249
6/1/2017,237.7336
5/31/2017,235.858
5/30/2017,235.9166
5/26/2017,236.1218
5/25/2017,236.1706
5/24/2017,235.0472
5/23/2017,234.5001
5/22/2017,233.9824
5/19/2017,232.8004
5/18/2017,231.296
5/17/2017,230.3679
5/16/2017,234.5294
5/15/2017,234.7444
5/12/2017,233.4549
5/11/2017,233.8456
5/10/2017,234.3243
5/9/2017,233.9043
5/8/2017,234.1192
5/5/2017,234.1582
5/4/2017,233.24
5/3/2017,232.9664
5/2/2017,233.2497
5/1/2017,233.1618
4/28/2017,232.5757
4/27/2017,233.0837
4/26/2017,232.8883
4/25/2017,233.0348
4/24/2017,231.6867
4/21/2017,229.1664
4/20/2017,229.899
4/19/2017,228.043
4/18/2017,228.463
4/17/2017,229.1468
4/13/2017,227.1345
4/12/2017,228.6193
4/11/2017,229.6255
4/10/2017,229.899
4/7/2017,229.7623
4/6/2017,229.9967
4/5/2017,229.352
4/4/2017,230.0358
4/3/2017,229.8893
3/31/2017,230.2898
3/30/2017,230.8271
3/29/2017,230.0944
3/28/2017,229.8795
3/27/2017,228.2188
3/24/2017,228.4533
3/23/2017,228.6193
3/22/2017,228.8635
3/21/2017,228.3262
3/20/2017,231.296
3/17/2017,231.55
3/16/2017,231.9573
3/15/2017,232.4145
3/14/2017,230.4205
3/13/2017,231.3056
3/10/2017,231.1889
3/9/2017,230.3816
3/8/2017,230.0898
3/7/2017,230.5178
3/6/2017,231.2084
3/3/2017,231.899
3/2/2017,231.7531
3/1/2017,233.2218
2/28/2017,230.0023
2/27/2017,230.6248
2/24/2017,230.2649
2/23/2017,229.9731
2/22/2017,229.8175
2/21/2017,230.0217
2/17/2017,228.66
2/16/2017,228.3002
2/15/2017,228.4947
2/14/2017,227.308
2/13/2017,226.4035
2/10/2017,225.1779
2/9/2017,224.2928
2/8/2017,222.97
2/7/2017,222.6783
2/6/2017,222.6685
2/3/2017,223.0673
2/2/2017,221.5403
2/1/2017,221.3943
1/31/2017,221.3068
1/30/2017,221.3263
1/27/2017,222.7074
1/26/2017,223.0576
1/25/2017,223.291
1/24/2017,221.3749
1/23/2017,219.9645
1/20/2017,220.5384
1/19/2017,219.7311
1/18/2017,220.5482
1/17/2017,220.0618
1/13/2017,220.8399
1/12/2017,220.3342
1/11/2017,220.8886
1/10/2017,220.2661
1/9/2017,220.2661
1/6/2017,220.9956
1/5/2017,220.2077
1/4/2017,220.3828
1/3/2017,219.0795
12/30/2016,217.4162
12/29/2016,218.2138
12/28/2016,218.2624
12/27/2016,220.0813
12/23/2016,219.5366
12/22/2016,219.2156
12/21/2016,219.595
12/20/2016,220.2077
12/19/2016,219.3615
12/16/2016,218.8849
12/15/2016,219.3139
12/14/2016,218.4147
12/13/2016,220.2325
12/12/2016,218.7724
12/9/2016,219.0238
12/8/2016,217.7088
12/7/2016,217.177
12/6/2016,214.3728
12/5/2016,213.6959
12/2/2016,212.4196
12/1/2016,212.3132
11/30/2016,213.0964
11/29/2016,213.6089
11/28/2016,213.1931
11/25/2016,214.1988
11/23/2016,213.4059
11/22/2016,213.2898
11/21/2016,212.874
11/18/2016,211.2786
11/17/2016,211.7524
11/16/2016,210.6694
11/15/2016,211.0659
11/14/2016,209.4317
11/11/2016,209.2673
11/10/2016,209.7508
11/9/2016,209.2287
11/8/2016,207.0337
11/7/2016,206.1054
11/4/2016,201.6574
11/3/2016,201.8798
11/2/2016,202.8081
11/1/2016,204.0361
10/31/2016,205.5252
10/28/2016,205.5155
10/27/2016,206.1247
10/26/2016,206.6759
10/25/2016,207.0917
10/24/2016,207.7879
10/21/2016,206.9079
10/20/2016,206.8113
10/19/2016,207.198
10/18/2016,206.6469
10/17/2016,205.3609
10/14/2016,206.0764
10/13/2016,205.97
10/12/2016,206.6469
10/11/2016,206.3761
10/10/2016,209.0159
10/7/2016,207.9329
10/6/2016,208.6485
10/5/2016,208.5034
10/4/2016,207.5848
10/3/2016,208.6485
9/30/2016,209.1513
9/29/2016,207.5848
9/28/2016,209.48
9/27/2016,208.4454
9/26/2016,207.1594
9/23/2016,208.8515
9/22/2016,210.0022
9/21/2016,208.6871
9/20/2016,206.3665
9/19/2016,206.3568
9/16/2016,206.3181
9/15/2016,207.1187
9/14/2016,205.0694
9/13/2016,205.1464
9/12/2016,208.1385
9/9/2016,205.1945
9/8/2016,210.2262
9/7/2016,210.7073
9/6/2016,210.7265
9/2/2016,210.0915
9/1/2016,209.1487
8/31/2016,209.1391
8/30/2016,209.7356
8/29/2016,210.0819
8/26/2016,209.0525
8/25/2016,209.4469
8/24/2016,209.5913
8/23/2016,210.6688
8/22/2016,210.2455
8/19/2016,210.2551
8/18/2016,210.563
8/17/2016,210.0915
8/16/2016,209.6971
8/15/2016,210.7842
8/12/2016,210.1781
8/11/2016,210.3609
8/10/2016,209.3892
8/9/2016,209.9087
8/8/2016,209.7837
8/5/2016,209.9087
8/4/2016,208.2058
8/3/2016,207.9846
8/2/2016,207.3785
8/1/2016,208.7158
7/29/2016,208.8889
7/28/2016,208.5522
7/27/2016,208.3117
7/26/2016,208.533
7/25/2016,208.4367
7/22/2016,209.0044
7/21/2016,208.0712
7/20/2016,208.8601
7/19/2016,207.9942
7/18/2016,208.2058
7/15/2016,207.6478
7/14/2016,207.9268
7/13/2016,206.7724
7/12/2016,206.8012
7/11/2016,205.3099
7/8/2016,204.5884
7/7/2016,201.5867
7/6/2016,201.7117
7/5/2016,200.5091
7/1/2016,201.9619
6/30/2016,201.5386
6/29/2016,198.8255
6/28/2016,195.4966
6/27/2016,192.0331
6/24/2016,195.5351
6/23/2016,202.8181
6/22/2016,200.2109
6/21/2016,200.538
6/20/2016,199.9704
6/17/2016,198.6908
6/16/2016,199.4331
6/15/2016,198.8397
6/14/2016,199.1172
6/13/2016,199.5096
6/10/2016,201.0602
6/9/2016,202.984
6/8/2016,203.2615
6/7/2016,202.6011
6/6/2016,202.2853
6/3/2016,201.2612
6/2/2016,201.8642
6/1/2016,201.2516
5/31/2016,200.8401
5/27/2016,201.2229
5/26/2016,200.3615
5/25/2016,200.3041
5/24/2016,198.9545
5/23/2016,196.4086
5/20/2016,196.6766
5/19/2016,195.442
5/18/2016,196.1215
5/17/2016,196.0641
5/16/2016,197.9113
5/13/2016,195.9779
5/12/2016,197.7007
5/11/2016,197.6433
5/10/2016,199.5096
5/9/2016,197.0594
5/6/2016,196.8968
5/5/2016,196.1789
5/4/2016,196.2172
5/3/2016,197.3179
5/2/2016,199.0503
4/29/2016,197.4806
4/28/2016,198.5526
4/27/2016,200.3711
4/26/2016,199.9595
4/25/2016,199.6628
4/22/2016,200.0074
4/21/2016,200.0074
4/20/2016,201.0889
4/19/2016,200.8975
4/18/2016,200.2658
4/15/2016,198.8684
4/14/2016,199.0885
4/13/2016,199.0789
4/12/2016,197.0882
4/11/2016,195.2697
4/8/2016,195.7291
4/7/2016,195.2027
4/6/2016,197.5667
4/5/2016,195.4324
4/4/2016,197.404
4/1/2016,198.0453
3/31/2016,196.7053
3/30/2016,197.1839
3/29/2016,196.3225
3/28/2016,194.5231
3/24/2016,194.4083
3/23/2016,194.4944
3/22/2016,195.7865
3/21/2016,195.8918
3/18/2016,195.6142
3/17/2016,194.8489
3/16/2016,193.6206
3/15/2016,192.5065
3/14/2016,192.8207
3/11/2016,193.0683
3/10/2016,190.0022
3/9/2016,189.8499
3/8/2016,188.9167
3/7/2016,191.002
3/4/2016,190.8497
3/3/2016,190.2307
3/2/2016,189.488
3/1/2016,188.6405
2/29/2016,184.308
2/26/2016,185.7649
2/25/2016,186.1934
2/24/2016,183.9653
2/23/2016,183.1273
2/22/2016,185.4697
2/19/2016,182.8226
2/18/2016,182.9083
2/17/2016,183.6606
2/16/2016,180.7087
2/12/2016,177.7093
2/11/2016,174.1195
2/10/2016,176.4143
2/9/2016,176.5667
2/8/2016,176.5571
2/5/2016,178.9662
2/4/2016,182.4417
2/3/2016,182.1561
2/2/2016,181.0706
2/1/2016,184.3937
1/29/2016,184.4604
1/28/2016,180.0707
1/27/2016,179.1376
1/26/2016,181.1086
1/25/2016,178.671
1/22/2016,181.4134
1/21/2016,177.7664
1/20/2016,176.7761
1/19/2016,179.0709
1/15/2016,178.8329
1/14/2016,182.756
1/13/2016,179.8042
1/12/2016,184.4033
1/11/2016,182.9274
1/8/2016,182.7464
1/7/2016,184.7746
1/6/2016,189.3166
1/5/2016,191.7352
1/4/2016,191.4114
12/31/2015,194.1252
12/30/2015,196.0868
12/29/2015,197.4865
12/28/2015,195.4012
12/24/2015,195.8487
12/23/2015,196.1725
12/22/2015,193.7729
12/21/2015,192.0304
12/18/2015,190.4593
12/17/2015,193.9143
12/16/2015,196.9149
12/15/2015,194.0752
12/14/2015,192.059
12/11/2015,191.0935
12/10/2015,194.8703
12/9/2015,194.3686
12/8/2015,195.8926
12/7/2015,197.2178
12/4/2015,198.42
12/3/2015,194.6242
12/2/2015,197.3882
12/1/2015,199.4233
11/30/2015,197.5397
11/27/2015,198.3631
11/25/2015,198.136
11/24/2015,198.1644
11/23/2015,197.8993
11/20/2015,198.1265
11/19/2015,197.4071
11/18/2015,197.5775
11/17/2015,194.4917
11/16/2015,194.6337
11/13/2015,191.7182
11/12/2015,193.8954
11/11/2015,196.6404
11/10/2015,197.4166
11/9/2015,196.9622
11/6/2015,198.8175
11/5/2015,198.9216
11/4/2015,199.1393
11/3/2015,199.7262
11/2/2015,199.1488
10/30/2015,196.8202
10/29/2015,197.7289
10/28/2015,197.7763
10/27/2015,195.5329
10/26/2015,195.9305
10/23/2015,196.4322
10/22/2015,194.2456
10/21/2015,191.0651
10/20/2015,192.2578
10/19/2015,192.5039
10/16/2015,192.4092
10/15/2015,191.5384
10/14/2015,188.6419
10/13/2015,189.5506
10/12/2015,190.7527
10/9/2015,190.5729
10/8/2015,190.4593
10/7/2015,188.7555
10/6/2015,187.222
10/5/2015,187.8657
10/2/2015,184.5811
10/1/2015,181.8645
9/30/2015,181.3533
9/29/2015,178.0309
9/28/2015,177.8699
9/25/2015,182.5649
9/24/2015,182.6217
9/23/2015,183.2559
9/22/2015,183.5399
9/21/2015,185.9442
9/18/2015,184.9219
9/17/2015,188.0518
9/16/2015,188.4661
9/15/2015,186.8747
9/14/2015,184.5487
9/11/2015,185.2644
9/10/2015,184.4263
9/9/2015,183.3999
9/8/2015,185.9424
9/4/2015,181.3565
9/3/2015,184.238
9/2/2015,184.012
9/1/2015,180.5843
8/31/2015,186.0178
8/28/2015,187.6186
8/27/2015,187.5433
8/26/2015,183.3246
8/25/2015,176.3091
8/24/2015,178.4938
8/21/2015,186.1025
8/20/2015,192.1103
8/19/2015,196.1313
8/18/2015,197.6851
8/17/2015,198.2783
8/14/2015,197.1483
8/13/2015,196.5268
8/12/2015,196.7339
8/11/2015,196.4892
8/10/2015,198.3442
8/7/2015,195.7923
8/6/2015,196.1972
8/5/2015,197.8452
8/4/2015,197.1106
8/3/2015,197.4967
7/31/2015,198.1747
7/30/2015,198.5232
7/29/2015,198.4761
7/28/2015,197.1012
7/27/2015,194.6811
7/24/2015,195.8111
7/23/2015,197.8828
7/22/2015,198.9657
7/21/2015,199.4083
7/20/2015,200.2182
7/17/2015,200.0769
7/16/2015,199.8886
7/15/2015,198.3442
7/14/2015,198.429
7/13/2015,197.525
7/10/2015,195.378
7/9/2015,192.8543
7/8/2015,192.6
7/7/2015,195.877
7/6/2015,194.6152
7/2/2015,195.2273
7/1/2015,195.4627
6/30/2015,193.8807
6/29/2015,193.4852
6/26/2015,197.6568
6/25/2015,197.5909
6/24/2015,198.2312
6/23/2015,199.6814
6/22/2015,199.5307
6/19/2015,198.5137
6/18/2015,199.3329
6/17/2015,197.3462
6/16/2015,197.0276
6/15/2015,195.95
6/12/2015,196.7278
6/11/2015,198.3396
6/10/2015,197.693
6/9/2015,195.3408
6/8/2015,195.3127
6/5/2015,196.5778
6/4/2015,196.9152
6/3/2015,198.5926
6/2/2015,198.0678
6/1/2015,198.2646
5/29/2015,197.8616
5/28/2015,199.0986
5/27/2015,199.3235
5/26/2015,197.4493
5/22/2015,199.5953
5/21/2015,200.0732
5/20/2015,199.4922
5/19/2015,199.6328
5/18/2015,199.6984
5/15/2015,199.0799
5/14/2015,198.8644
5/13/2015,196.8121
5/12/2015,196.7746
5/11/2015,197.365
5/8/2015,198.3115
5/7/2015,195.7344
5/6/2015,194.9566
5/5/2015,195.7625
5/4/2015,198.0303
5/1/2015,197.4681
4/30/2015,195.3502
4/29/2015,197.3275
4/28/2015,198.1428
4/27/2015,197.515
4/24/2015,198.3396
4/23/2015,197.8804
4/22/2015,197.3837
4/21/2015,196.4185
4/20/2015,196.6528
4/17/2015,194.8723
4/16/2015,197.1401
4/15/2015,197.1963
4/14/2015,196.3155
4/13/2015,195.9406
4/10/2015,196.8308
4/9/2015,195.7625
4/8/2015,194.9004
4/7/2015,194.2444
4/6/2015,194.7598
4/2/2015,193.4572
4/1/2015,192.7638
3/31/2015,193.4479
3/30/2015,195.1534
3/27/2015,192.8013
3/26/2015,192.3608
3/25/2015,192.82
3/24/2015,195.6876
3/23/2015,196.7934
3/20/2015,197.1776
3/19/2015,195.4525
3/18/2015,196.3482
3/17/2015,194.0158
3/16/2015,194.5942
3/13/2015,192.0286
3/12/2015,193.2134
3/11/2015,190.7878
3/10/2015,191.2356
3/9/2015,194.389
3/6/2015,193.5866
3/5/2015,196.3482
3/4/2015,196.1336
3/3/2015,196.9639
3/2/2015,197.7756
2/27/2015,196.5348
2/26/2015,197.2065
2/25/2015,197.4397
2/24/2015,197.6076
2/23/2015,197.0479
2/20/2015,197.0758
2/19/2015,195.9003
2/18/2015,196.0403
2/17/2015,196.0216
2/13/2015,195.7137
2/12/2015,194.9114
2/11/2015,193.0549
2/10/2015,192.9429
2/9/2015,190.9091
2/6/2015,191.7674
2/5/2015,192.2992
2/4/2015,190.3773
2/3/2015,191.105
2/2/2015,188.3808
1/30/2015,186.0764
1/29/2015,188.4461
1/28/2015,186.7201
1/27/2015,189.1458
1/26/2015,191.6741
1/23/2015,191.2263
1/22/2015,192.2805
1/21/2015,189.463
1/20/2015,188.5114
1/16/2015,188.1102
1/15/2015,185.6752
1/14/2015,187.3918
1/13/2015,188.5301
1/12/2015,189.0618
1/9/2015,190.5545
1/8/2015,192.0939
1/7/2015,188.7446
1/6/2015,186.4216
1/5/2015,188.1942
1/2/2015,191.6554
12/31/2014,191.7581
12/30/2014,193.6799
12/29/2014,194.7248
12/26/2014,194.4636
12/24/2014,193.8385
12/23/2014,193.8199
12/22/2014,193.5586
12/19/2014,192.6723
12/18/2014,191.8561
12/17/2014,187.2262
12/16/2014,183.6263
12/15/2014,185.1108
12/12/2014,186.3912
12/11/2014,189.453
12/10/2014,188.4974
12/9/2014,191.5685
12/8/2014,191.6984
12/5/2014,192.988
12/4/2014,192.6726
12/3/2014,192.886
12/2/2014,192.1437
12/1/2014,190.9097
11/28/2014,192.2458
11/26/2014,192.654
11/25/2014,192.1623
11/24/2014,192.3014
11/21/2014,191.7633
11/20/2014,190.7427
11/19/2014,190.4087
11/18/2014,190.7149
11/17/2014,189.62
11/14/2014,189.4995
11/13/2014,189.453
11/12/2014,189.2397
11/11/2014,189.4437
11/10/2014,189.2582
11/7/2014,188.6644
11/6/2014,188.4881
11/5/2014,187.7365
11/4/2014,186.5582
11/3/2014,187.2077
10/31/2014,187.1056
10/30/2014,184.9902
10/29/2014,183.8118
10/28/2014,184.0902
10/27/2014,182.0025
10/24/2014,182.2531
10/23/2014,180.8614
10/22/2014,178.783
10/21/2014,180.0634
10/20/2014,176.5655
10/17/2014,174.8676
10/16/2014,172.8263
10/15/2014,172.9748
10/14/2014,174.1532
10/13/2014,173.8841
10/10/2014,176.7882
10/9/2014,178.8294
10/8/2014,182.4479
10/7/2014,179.3119
10/6/2014,182.1232
10/3/2014,182.3366
10/2/2014,180.351
10/1/2014,180.3232
9/30/2014,182.8005
9/29/2014,183.283
9/26/2014,183.617
9/25/2014,182.1696
9/24/2014,185.1572
9/23/2014,183.7191
9/22/2014,184.7767
9/19/2014,186.2149
9/18/2014,186.3826
9/17/2014,185.3945
9/16/2014,185.1451
9/15/2014,183.7599
9/12/2014,183.8985
9/11/2014,184.9789
9/10/2014,184.7665
9/9/2014,184.0739
9/8/2014,185.2468
9/5/2014,185.727
9/4/2014,184.8958
9/3/2014,185.1636
9/2/2014,185.2653
8/29/2014,185.3576
8/28/2014,184.8312
8/27/2014,184.9328
8/26/2014,185.0067
8/25/2014,184.8866
8/22/2014,183.9538
8/21/2014,184.2401
8/20/2014,183.7045
8/19/2014,183.215
8/18/2014,182.2639
8/15/2014,180.7492
8/14/2014,180.7862
8/13/2014,179.9366
8/12/2014,178.7268
8/11/2014,178.9761
8/8/2014,178.459
8/7/2014,176.418
8/6/2014,177.3784
8/5/2014,177.323
8/4/2014,179.0592
8/1/2014,177.7756
7/31/2014,178.3204
7/30/2014,181.9129
7/29/2014,181.8852
7/28/2014,182.6702
7/25/2014,182.5963
7/24/2014,183.4551
7/23/2014,183.4459
7/22/2014,183.0396
7/21/2014,182.2453
7/18/2014,182.5871
7/17/2014,180.7401
7/16/2014,182.8179
7/15/2014,182.1438
7/14/2014,182.4855
7/11/2014,181.5712
7/10/2014,181.3219
7/9/2014,182.0422
7/8/2014,181.2295
7/7/2014,182.4024
7/3/2014,183.0396
7/2/2014,182.1438
7/1/2014,181.9591
6/30/2014,180.7492
6/27/2014,180.8416
6/26/2014,180.4907
6/25/2014,180.62
6/24/2014,179.8073
6/23/2014,180.897
6/20/2014,180.9524
6/19/2014,180.5861
6/18/2014,180.3839
6/17/2014,179.0696
6/16/2014,178.5733
6/13/2014,178.4262
6/12/2014,177.8839
6/11/2014,179.1523
6/10/2014,179.7773
6/9/2014,179.7589
6/6/2014,179.5751
6/5/2014,178.7203
6/4/2014,177.5622
6/3/2014,177.2038
6/2/2014,177.2957
5/30/2014,177.0935
5/29/2014,176.8086
5/28/2014,175.8987
5/27/2014,176.0273
5/23/2014,174.952
5/22/2014,174.2534
5/21/2014,173.8307
5/20/2014,172.3785
5/19/2014,173.4722
5/16/2014,172.838
5/15/2014,172.2406
5/14/2014,173.7663
5/13/2014,174.5935
5/12/2014,174.4372
5/9/2014,172.7553
5/8/2014,172.4979
5/7/2014,172.6818
5/6/2014,171.6707
5/5/2014,173.1781
5/2/2014,172.8472
5/1/2014,173.0954
4/30/2014,173.077
4/29/2014,172.5623
4/28/2014,171.7627
4/25/2014,171.2204
4/24/2014,172.6358
4/23/2014,172.2865
4/22/2014,172.6909
4/21/2014,171.9097
4/17/2014,171.3123
4/16/2014,171.0733
4/15/2014,169.2994
4/14/2014,168.1413
4/11/2014,166.8271
4/10/2014,168.3436
4/9/2014,171.9557
4/8/2014,170.1267
4/7/2014,169.4281
4/4/2014,171.3215
4/3/2014,173.3711
4/2/2014,173.6009
4/1/2014,173.0219
3/31/2014,171.8822
3/28/2014,170.4851
3/27/2014,169.6487
3/26/2014,170.0072
3/25/2014,171.2388
3/24/2014,170.4299
3/21/2014,171.1377
3/20/2014,171.8044
3/19/2014,170.8069
3/18/2014,171.722
3/17/2014,170.505
3/14/2014,168.9769
3/13/2014,169.4527
3/12/2014,171.3743
3/11/2014,171.3286
3/10/2014,172.1796
3/7/2014,172.271
3/6/2014,172.1979
3/5/2014,171.8044
3/4/2014,171.6488
3/3/2014,169.2696
2/28/2014,170.4684
2/27/2014,170.0383
2/26/2014,169.1507
2/25/2014,169.1415
2/24/2014,169.2056
2/21/2014,168.2722
2/20/2014,168.4644
2/19/2014,167.4761
2/18/2014,168.5925
2/14/2014,168.3912
2/13/2014,167.4669
2/12/2014,166.6068
2/11/2014,166.5244
2/10/2014,164.7217
2/7/2014,164.4198
2/6/2014,162.4066
2/5/2014,160.2928
2/4/2014,160.4941
2/3/2014,159.3777
1/31/2014,163.0472
1/30/2014,164.008
1/29/2014,162.2876
1/28/2014,163.8616
1/27/2014,162.8916
1/24/2014,163.6969
1/23/2014,167.2656
1/22/2014,168.6474
1/21/2014,168.5376
1/17/2014,168.0435
1/16/2014,168.7572
1/15/2014,168.9769
1/14/2014,168.0709
1/13/2014,166.259
1/10/2014,168.501
1/9/2014,168.0435
1/8/2014,167.9337
1/7/2014,167.897
1/6/2014,166.8721
1/3/2014,167.3571
1/2/2014,167.3846
12/31/2013,169.0042
12/30/2013,168.2081
12/27/2013,168.2356
12/26/2013,168.2448
12/24/2013,167.3938
12/23/2013,167.0277
12/20/2013,166.1401
12/19/2013,165.1791
12/18/2013,165.3702
12/17/2013,162.5943
12/16/2013,163.1131
12/13/2013,162.1028
12/12/2013,162.121
12/11/2013,162.658
12/10/2013,164.5055
12/9/2013,165.0971
12/6/2013,164.6785
12/5/2013,162.8582
12/4/2013,163.5772
12/3/2013,163.5954
12/2/2013,164.3054
11/29/2013,164.7331
11/27/2013,164.8423
11/26/2013,164.4418
11/25/2013,164.3963
11/22/2013,164.5602
11/21/2013,163.741
11/20/2013,162.4305
11/19/2013,162.9401
11/18/2013,163.2951
11/15/2013,163.8685
11/14/2013,163.1585
11/13/2013,162.3486
11/12/2013,161.0562
11/11/2013,161.3838
11/8/2013,161.3565
11/7/2013,159.2086
11/6/2013,161.2473
11/5/2013,160.4282
11/4/2013,160.9378
11/1/2013,160.3736
10/31/2013,159.9913
10/30/2013,160.4464
10/29/2013,161.2473
10/28/2013,160.3918
10/25/2013,160.137
10/24/2013,159.4088
10/23/2013,158.881
10/22/2013,159.6455
10/21/2013,158.7262
10/18/2013,158.7171
10/17/2013,157.6523
10/16/2013,156.6057
10/15/2013,154.4486
10/14/2013,155.5772
10/11/2013,154.9583
10/10/2013,153.9662
10/9/2013,150.7171
10/8/2013,150.6079
10/7/2013,152.3826
10/4/2013,153.7114
10/3/2013,152.5556
10/2/2013,153.9754
10/1/2013,154.121
9/30/2013,152.9106
9/27/2013,153.7297
9/26/2013,154.4395
9/25/2013,153.8479
9/24/2013,154.2939
9/23/2013,154.658
9/20/2013,155.377
9/19/2013,156.471
9/18/2013,156.7337
9/17/2013,154.9403
9/16/2013,154.252
9/13/2013,153.3644
9/12/2013,153.0202
9/11/2013,153.4278
9/10/2013,152.9478
9/9/2013,151.8247
9/6/2013,150.3846
9/5/2013,150.3121
9/4/2013,150.1219
9/3/2013,148.8901
8/30/2013,148.2199
8/29/2013,148.6909
8/28/2013,148.4554
8/27/2013,147.9301
8/26/2013,150.3484
8/23/2013,150.9099
8/22/2013,150.4027
8/21/2013,149.0442
8/20/2013,149.968
8/19/2013,149.2343
8/16/2013,150.1944
8/15/2013,150.6925
8/14/2013,152.83
8/13/2013,153.618
8/12/2013,153.1651
8/9/2013,153.3463
8/8/2013,153.7901
8/7/2013,153.2285
8/6/2013,153.7267
8/5/2013,154.6052
8/2/2013,154.8317
8/1/2013,154.569
7/31/2013,152.8029
7/30/2013,152.6942
7/29/2013,152.6942
7/26/2013,153.1651
7/25/2013,153.0021
7/24/2013,152.6307
7/23/2013,153.1923
7/22/2013,153.5183
7/19/2013,153.2195
7/18/2013,152.9478
7/17/2013,152.1145
7/16/2013,151.7251
7/15/2013,152.2957
7/12/2013,151.716
7/11/2013,151.6526
7/10/2013,149.6148
7/9/2013,149.5604
7/8/2013,148.4917
7/5/2013,147.6493
7/3/2013,146.0734
7/2/2013,146.01
7/1/2013,146.1458
6/28/2013,145.2945
6/27/2013,145.8923
6/26/2013,145.0409
6/25/2013,143.6189
6/24/2013,142.2513
6/21/2013,144.0718
6/20/2013,143.6107
6/19/2013,147.2596
6/18/2013,149.3228
6/17/2013,148.1516
6/14/2013,147.0164
6/13/2013,147.9443
6/12/2013,145.728
6/11/2013,146.9443
6/10/2013,148.4759
6/7/2013,148.4759
6/6/2013,146.6109
6/5/2013,145.2955
6/4/2013,147.3587
6/3/2013,148.0705
5/31/2013,147.2596
5/30/2013,149.4038
5/29/2013,148.8542
5/28/2013,149.8273
5/24/2013,148.9354
5/23/2013,149.0614
5/22/2013,149.4939
5/21/2013,150.6111
5/20/2013,150.3949
5/17/2013,150.4039
5/16/2013,148.9624
5/15/2013,149.6651
5/14/2013,148.8633
5/13/2013,147.3407
5/10/2013,147.2236
5/9/2013,146.746
5/8/2013,147.1605
5/7/2013,146.4938
5/6/2013,145.755
5/3/2013,145.3856
5/2/2013,143.9261
5/1/2013,142.6017
4/30/2013,143.863
4/29/2013,143.5207
4/26/2013,142.5656
4/25/2013,142.8179
4/24/2013,142.2413
4/23/2013,142.1512
4/22/2013,140.7007
4/19/2013,140.079
4/18/2013,138.8718
4/17/2013,139.7457
4/16/2013,141.8179
4/15/2013,139.7547
4/12/2013,143.0702
4/11/2013,143.4216
4/10/2013,142.9531
4/9/2013,141.2233
4/8/2013,140.7367
4/5/2013,139.7908
4/4/2013,140.4214
4/3/2013,139.8538
4/2/2013,141.2863
4/1/2013,140.5926
3/28/2013,141.1512
3/27/2013,140.7187
3/26/2013,140.7187
3/25/2013,139.6016
3/22/2013,140.1872
3/21/2013,139.07
3/20/2013,140.2682
3/19/2013,139.2952
3/18/2013,139.6196
3/15/2013,140.3944
3/14/2013,140.58
3/13/2013,139.8355
3/12/2013,139.6382
3/11/2013,139.9521
3/8/2013,139.4229
3/7/2013,138.8309
3/6/2013,138.5797
3/5/2013,138.3914
3/4/2013,137.1626
3/1/2013,136.4361
2/28/2013,135.9876
2/27/2013,136.2567
2/26/2013,134.5614
2/25/2013,133.6465
2/22/2013,136.2387
2/21/2013,134.9202
2/20/2013,135.7454
2/19/2013,137.4586
2/15/2013,136.4361
2/14/2013,136.5975
2/13/2013,136.4719
2/12/2013,136.3553
2/11/2013,136.1311
2/8/2013,136.158
2/7/2013,135.4045
2/6/2013,135.5839
2/5/2013,135.4853
2/4/2013,134.1309
2/1/2013,135.6557
1/31/2013,134.2744
1/30/2013,134.6063
1/29/2013,135.1355
1/28/2013,134.6063
1/25/2013,134.7677
1/24/2013,134.0143
1/23/2013,133.9784
1/22/2013,133.7631
1/18/2013,133.0455
1/17/2013,132.7496
1/16/2013,131.8975
1/15/2013,131.9154
1/14/2013,131.8257
1/11/2013,131.9154
1/10/2013,131.9243
1/9/2013,130.8839
1/8/2013,130.552
1/7/2013,130.9287
1/4/2013,131.2875
1/3/2013,130.7135
1/2/2013,131.0094
12/31/2012,127.7356
12/28/2012,125.6008
12/27/2012,126.9731
12/26/2012,127.1436
12/24/2012,127.6818
12/21/2012,128.0764
12/20/2012,129.2496
12/19/2012,128.5104
12/18/2012,129.4723
12/17/2012,128.0473
12/14/2012,126.5599
12/13/2012,127.0319
12/12/2012,127.8157
12/11/2012,127.7534
12/10/2012,126.8894
12/7/2012,126.836
12/6/2012,126.453
12/5/2012,126.0255
12/4/2012,125.8028
12/3/2012,125.981
11/30/2012,126.6044
11/29/2012,126.5777
11/28/2012,125.9899
11/27/2012,124.9835
11/26/2012,125.6247
11/23/2012,125.8919
11/21/2012,124.1997
11/20/2012,123.9681
11/19/2012,123.9147
11/16/2012,121.4565
11/15/2012,120.8598
11/14/2012,121.0646
11/13/2012,122.7212
11/12/2012,123.1487
11/9/2012,123.0508
11/8/2012,122.9439
11/7/2012,124.4402
11/6/2012,127.3259
11/5/2012,126.3373
11/2/2012,126.0789
11/1/2012,127.2101
10/31/2012,125.8919
10/26/2012,125.8919
10/25/2012,125.9632
10/24/2012,125.598
10/23/2012,125.9542
10/22/2012,127.7266
10/19/2012,127.7088
10/18/2012,129.8731
10/17/2012,130.2115
10/16/2012,129.6237
10/15/2012,128.3234
10/12/2012,127.2635
10/11/2012,127.6821
10/10/2012,127.6109
10/9/2012,128.4303
10/8/2012,129.7128
10/5/2012,130.1581
10/4/2012,130.1492
10/3/2012,129.2229
10/2/2012,128.6974
10/1/2012,128.5638
9/28/2012,128.2254
9/27/2012,128.8221
9/26/2012,127.6197
9/25/2012,128.3412
9/24/2012,129.7217
9/21/2012,129.9176
9/20/2012,129.9719
9/19/2012,129.963
9/18/2012,129.8922
9/17/2012,129.9985
9/14/2012,130.4415
9/13/2012,129.8656
9/12/2012,127.9166
9/11/2012,127.4913
9/10/2012,127.137
9/7/2012,127.8634
9/6/2012,127.3674
9/5/2012,124.8336
9/4/2012,124.94
8/31/2012,125.0551
8/30/2012,124.4616
8/29/2012,125.3652
8/28/2012,125.2677
8/27/2012,125.3918
8/24/2012,125.3652
8/23/2012,124.6122
8/22/2012,125.6399
8/21/2012,125.5866
8/20/2012,125.9676
8/17/2012,125.9588
8/16/2012,125.7904
8/15/2012,124.8691
8/14/2012,124.7273
8/13/2012,124.7096
8/10/2012,124.7716
8/9/2012,124.5679
8/8/2012,124.4616
8/7/2012,124.311
8/6/2012,123.6908
8/3/2012,123.4516
8/2/2012,121.0508
8/1/2012,121.8924
7/31/2012,121.9987
7/30/2012,122.858
7/27/2012,122.858
7/26/2012,120.6344
7/25/2012,118.6766
7/24/2012,118.65
7/23/2012,119.6777
7/20/2012,120.9002
7/19/2012,122.0164
7/18/2012,121.6975
7/17/2012,120.8028
7/16/2012,119.9789
7/13/2012,120.2623
7/12/2012,118.2779
7/11/2012,118.8537
7/10/2012,118.836
7/9/2012,119.8814
7/6/2012,120.032
7/5/2012,121.1837
7/3/2012,121.7329
7/2/2012,120.9356
6/29/2012,120.5724
6/28/2012,117.6401
6/27/2012,117.9767
6/26/2012,116.9225
6/25/2012,116.3378
6/22/2012,118.2336
6/21/2012,117.33
6/20/2012,120.0232
6/19/2012,120.218
6/18/2012,119.0664
6/15/2012,118.836
6/14/2012,117.633
6/13/2012,116.3991
6/12/2012,117.1482
6/11/2012,115.8174
6/8/2012,117.3069
6/7/2012,116.3815
6/6/2012,116.3109
6/5/2012,113.7551
6/4/2012,112.9001
6/1/2012,112.953
5/31/2012,115.8703
5/30/2012,116.1259
5/29/2012,117.8357
5/25/2012,116.4255
5/24/2012,116.8045
5/23/2012,116.5754
5/22/2012,116.5136
5/21/2012,116.3109
5/18/2012,114.3456
5/17/2012,115.3326
5/16/2012,117.0689
5/15/2012,117.5184
5/14/2012,118.197
5/11/2012,119.5191
5/10/2012,119.8804
5/9/2012,119.6336
5/8/2012,120.3475
5/7/2012,120.8323
5/4/2012,120.7441
5/3/2012,122.7271
5/2/2012,123.6702
5/1/2012,124.0403
4/30/2012,123.2736
4/27/2012,123.7319
4/26/2012,123.5292
4/25/2012,122.6742
4/24/2012,121.0173
4/23/2012,120.559
4/20/2012,121.5814
4/19/2012,121.3787
4/18/2012,122.1631
4/17/2012,122.5773
4/16/2012,120.7882
4/13/2012,120.8675
4/12/2012,122.3217
4/11/2012,120.7441
4/10/2012,119.7746
4/9/2012,121.8194
4/5/2012,123.2031
4/4/2012,123.2648
4/3/2012,124.4986
4/2/2012,125.0098
3/30/2012,124.102
3/29/2012,123.5909
3/28/2012,123.8024
3/27/2012,124.4193
3/26/2012,124.8071
3/23/2012,123.0797
3/22/2012,122.6831
3/21/2012,123.5732
3/20/2012,123.7759
3/19/2012,124.1373
3/16/2012,123.6525
3/15/2012,123.4816
3/14/2012,122.7708
3/13/2012,122.9024
3/12/2012,120.7262
3/9/2012,120.7175
3/8/2012,120.2524
3/7/2012,119.0678
3/6/2012,118.2429
3/5/2012,119.9979
3/2/2012,120.4893
3/1/2012,120.8578
2/29/2012,120.2349
2/28/2012,120.7086
2/27/2012,120.3577
2/24/2012,120.1558
2/23/2012,119.8926
2/22/2012,119.3661
2/21/2012,119.7522
2/17/2012,119.6996
2/16/2012,119.3837
2/15/2012,118.0761
2/14/2012,118.629
2/13/2012,118.7782
2/10/2012,117.9007
2/9/2012,118.7782
2/8/2012,118.629
2/7/2012,118.278
2/6/2012,117.9796
2/3/2012,118.0586
2/2/2012,116.4265
2/1/2012,116.2422
1/31/2012,115.2331
1/30/2012,115.277
1/27/2012,115.6718
1/26/2012,115.7245
1/25/2012,116.3212
1/24/2012,115.3559
1/23/2012,115.4875
1/20/2012,115.7859
1/19/2012,115.3559
1/18/2012,114.7505
1/17/2012,113.4956
1/13/2012,113.0569
1/12/2012,113.6448
1/11/2012,113.3728
1/10/2012,113.3113
1/9/2012,112.3373
1/6/2012,112.0653
1/5/2012,112.3549
1/4/2012,112.0565
1/3/2012,111.881
12/30/2011,110.1261
12/29/2011,110.6701
12/28/2011,109.5381
12/27/2011,110.9948
12/23/2011,110.907
12/22/2011,109.9242
12/21/2011,108.959
12/20/2011,108.7484
12/19/2011,105.5543
12/16/2011,106.695
12/15/2011,106.5371
12/14/2011,106.1534
12/13/2011,107.2957
12/12/2011,108.3072
12/9/2011,109.9116
12/8/2011,108.0804
12/7/2011,110.5045
12/6/2011,110.0947
12/5/2011,110.0598
12/2/2011,108.8739
12/1/2011,108.9699
11/30/2011,108.9873
11/29/2011,104.6798
11/28/2011,104.3833
11/25/2011,101.4448
11/23/2011,101.6366
11/22/2011,103.9299
11/21/2011,104.3397
11/18/2011,106.3627
11/17/2011,106.476
11/16/2011,108.1938
11/15/2011,109.9377
11/14/2011,109.3971
11/11/2011,110.4435
11/10/2011,108.4031
11/9/2011,107.3916
11/8/2011,111.5073
11/7/2011,110.0947
11/4/2011,109.4146
11/3/2011,110.086
11/2/2011,108.1153
11/1/2011,106.3801
10/31/2011,109.432
10/28/2011,112.1351
10/27/2011,112.1612
10/26/2011,108.3857
10/25/2011,107.2957
10/24/2011,109.4233
10/21/2011,108.0979
10/20/2011,106.0836
10/19/2011,105.6215
10/18/2011,106.8859
10/17/2011,104.8367
10/14/2011,106.8771
10/13/2011,105.0809
10/12/2011,105.2902
10/11/2011,104.3746
10/10/2011,104.27
10/7/2011,100.8954
10/6/2011,101.5756
10/5/2011,99.7706
10/4/2011,97.9569
10/3/2011,95.8555
9/30/2011,98.6632
9/29/2011,101.1919
9/28/2011,100.3984
9/27/2011,102.4911
9/26/2011,101.3576
9/23/2011,99.0033
9/22/2011,98.4103
9/21/2011,101.6977
9/20/2011,104.7844
9/19/2011,104.9065
9/16/2011,105.9616
9/15/2011,105.3381
9/14/2011,103.5511
9/13/2011,102.1371
9/12/2011,101.2089
9/9/2011,100.5583
9/8/2011,103.2649
9/7/2011,104.3492
9/6/2011,101.4865
9/2/2011,102.2326
9/1/2011,104.9131
8/31/2011,106.0234
8/30/2011,105.555
8/29/2011,105.2774
8/26/2011,102.3366
8/25/2011,100.8706
8/24/2011,102.4321
8/23/2011,101.0094
8/22/2011,97.7911
8/19/2011,97.713
8/18/2011,99.3352
8/17/2011,103.8114
8/16/2011,103.7419
8/15/2011,104.6355
8/12/2011,102.4668
8/11/2011,101.7814
8/10/2011,97.4093
8/9/2011,101.9116
8/8/2011,97.3833
8/5/2011,104.167
8/4/2011,104.3232
8/3/2011,109.45
8/2/2011,108.8601
8/1/2011,111.7141
7/29/2011,112.1912
7/28/2011,112.9633
7/27/2011,113.2929
7/26/2011,115.6611
7/25/2011,116.0949
7/22/2011,116.7455
7/21/2011,116.6674
7/20/2011,115.0712
7/19/2011,115.1406
7/18/2011,113.3016
7/15/2011,114.2385
7/14/2011,113.5792
7/13/2011,114.3686
7/12/2011,113.9869
7/11/2011,114.4814
7/8/2011,116.5893
7/7/2011,117.4221
7/6/2011,116.2163
7/5/2011,116.0775
7/1/2011,116.173
6/30/2011,114.4814
6/29/2011,113.397
6/28/2011,112.4341
6/27/2011,110.9854
6/24/2011,110.0051
6/23/2011,111.2977
6/22/2011,111.6187
6/21/2011,112.2953
6/20/2011,110.7772
6/17/2011,110.2134
6/16/2011,109.8854
6/15/2011,109.6437
6/14/2011,111.6291
6/13/2011,110.2307
6/10/2011,110.1444
6/9/2011,111.6982
6/8/2011,110.8522
6/7/2011,111.3184
6/6/2011,111.3874
6/3/2011,112.5787
6/2/2011,113.7094
6/1/2011,113.8303
5/31/2011,116.4457
5/27/2011,115.2459
5/26/2011,114.8057
5/25/2011,114.2791
5/24/2011,113.8993
5/23/2011,113.9943
5/20/2011,115.3323
5/19/2011,116.2559
5/18/2011,115.9796
5/17/2011,114.9524
5/16/2011,114.9697
5/13/2011,115.7034
5/12/2011,116.6011
5/11/2011,116.0487
5/10/2011,117.2831
5/9/2011,116.2904
5/6/2011,115.8415
5/5/2011,115.3323
5/4/2011,116.3853
5/3/2011,117.1622
5/2/2011,117.5852
4/29/2011,117.7665
4/28/2011,117.4903
4/27/2011,117.1104
4/26/2011,116.3508
4/25/2011,115.3581
4/21/2011,115.479
4/20/2011,114.892
4/19/2011,113.3469
4/18/2011,112.6995
4/15/2011,113.977
4/14/2011,113.5627
4/13/2011,113.4764
4/12/2011,113.485
4/11/2011,114.3396
4/8/2011,114.6848
4/7/2011,115.0819
4/6/2011,115.3754
4/5/2011,115.0129
4/4/2011,115.0301
4/1/2011,114.9352
3/31/2011,114.4518
3/30/2011,114.6072
3/29/2011,113.8217
3/28/2011,113.062
3/25/2011,113.3382
3/24/2011,112.993
3/23/2011,111.9226
3/22/2011,111.6032
3/21/2011,111.9916
3/18/2011,110.2825
3/17/2011,109.8828
3/16/2011,108.4476
3/15/2011,110.4931
3/14/2011,111.7737
3/11/2011,112.4527
3/10/2011,111.6792
3/9/2011,113.7848
3/8/2011,113.9481
3/7/2011,112.9597
3/4/2011,113.8536
3/3/2011,114.713
3/2/2011,112.7707
3/1/2011,112.53
2/28/2011,114.438
2/25/2011,113.7333
2/24/2011,112.53
2/23/2011,112.6073
2/22/2011,113.3035
2/18/2011,115.6241
2/17/2011,115.3834
2/16/2011,115.0397
2/15/2011,114.3177
2/14/2011,114.6787
2/11/2011,114.4036
2/10/2011,113.7247
2/9/2011,113.6817
2/8/2011,113.9395
2/7/2011,113.4239
2/4/2011,112.7191
2/3/2011,112.4011
2/2/2011,112.1519
2/1/2011,112.3667
1/31/2011,110.5962
1/28/2011,109.7711
1/27/2011,111.7221
1/26/2011,111.4471
1/25/2011,111.0173
1/24/2011,110.9572
1/21/2011,110.3298
1/20/2011,110.0805
1/19/2011,110.2266
1/18/2011,111.3182
1/14/2011,111.1291
1/13/2011,110.3298
1/12/2011,110.5103
1/11/2011,109.5219
1/10/2011,109.1351
1/7/2011,109.2726
1/6/2011,109.4875
1/5/2011,109.7024
1/4/2011,109.1351
1/3/2011,109.1953
12/31/2010,108.078
12/30/2010,108.0522
12/29/2010,108.2241
12/28/2010,108.1468
12/27/2010,107.992
12/23/2010,107.9491
12/22/2010,108.1038
12/21/2010,107.7686
12/20/2010,107.0896
12/17/2010,106.8317
12/16/2010,106.7174
12/15/2010,106.1018
12/14/2010,106.5892
12/13/2010,106.4952
12/10/2010,106.4268
12/9/2010,105.8112
12/8/2010,105.4008
12/7/2010,105.016
12/6/2010,104.9562
12/3/2010,105.0673
12/2/2010,104.7852
12/1/2010,103.46
11/30/2010,101.3055
11/29/2010,101.8783
11/26/2010,101.5705
11/24/2010,102.7675
11/23/2010,101.2713
11/22/2010,102.7589
11/19/2010,102.8444
11/18/2010,102.5623
11/17/2010,101.0746
11/16/2010,101.0233
11/15/2010,102.6221
11/12/2010,102.7675
11/11/2010,103.9986
11/10/2010,104.3919
11/9/2010,103.973
11/8/2010,104.7253
11/5/2010,104.922
11/4/2010,104.5287
11/3/2010,102.5537
11/2/2010,102.1433
11/1/2010,101.3397
10/29/2010,101.3055
10/28/2010,101.2285
10/27/2010,101.2114
10/26/2010,101.5021
10/25/2010,101.485
10/22/2010,101.1858
10/21/2010,100.9977
10/20/2010,100.7754
10/19/2010,99.8007
10/18/2010,101.1259
10/15/2010,100.6301
10/14/2010,100.4248
10/13/2010,100.8181
10/12/2010,100.0401
10/11/2010,99.7323
10/8/2010,99.6383
10/7/2010,99.0826
10/6/2010,99.2022
10/5/2010,99.2108
10/4/2010,97.2529
10/1/2010,97.9882
9/30/2010,97.5778
9/29/2010,97.8685
9/28/2010,98.0395
9/27/2010,97.6975
9/24/2010,98.1677
9/23/2010,96.1842
9/22/2010,96.9707
9/21/2010,97.4495
9/20/2010,97.6462
9/17/2010,96.1756
9/16/2010,96.1397
9/15/2010,96.1653
9/14/2010,95.7996
9/13/2010,95.8591
9/10/2010,94.8046
9/9/2010,94.3283
9/8/2010,93.8946
9/7/2010,93.2398
9/3/2010,94.3029
9/2/2010,93.0953
9/1/2010,92.2363
8/31/2010,89.5575
8/30/2010,89.5575
8/27/2010,90.8757
8/26/2010,89.4895
8/25/2010,90.0933
8/24/2010,89.7446
8/23/2010,91.0967
8/20/2010,91.4454
8/19/2010,91.7431
8/18/2010,93.3674
8/17/2010,93.1973
8/16/2010,92.0662
8/13/2010,92.1088
8/12/2010,92.3809
8/11/2010,92.9507
8/10/2010,95.57
8/9/2010,96.0887
8/6/2010,95.5785
8/5/2010,95.9697
8/4/2010,96.0717
8/3/2010,95.4339
8/2/2010,95.8931
7/30/2010,93.7756
7/29/2010,93.7926
7/28/2010,94.2518
7/27/2010,94.8641
7/26/2010,94.8726
7/23/2010,93.8946
7/22/2010,93.0867
7/21/2010,91.0542
7/20/2010,92.2533
7/19/2010,91.2413
7/16/2010,90.7056
7/15/2010,93.2738
7/14/2010,93.2483
7/13/2010,93.2568
7/12/2010,91.8707
7/9/2010,91.8111
7/8/2010,91.1308
7/7/2010,90.2378
7/6/2010,87.4825
7/2/2010,86.9127
7/1/2010,87.389
6/30/2010,87.7801
6/29/2010,88.622
6/28/2010,91.4454
6/25/2010,91.7346
6/24/2010,91.3519
6/23/2010,92.8912
6/22/2010,93.1803
6/21/2010,94.7451
6/18/2010,95.0172
6/17/2010,94.9143
6/16/2010,94.7619
6/15/2010,94.7958
6/14/2010,92.6883
6/11/2010,92.8322
6/10/2010,92.3836
6/9/2010,89.7598
6/8/2010,90.2422
6/7/2010,89.2858
6/4/2010,90.4115
6/3/2010,93.7039
6/2/2010,93.3823
6/1/2010,91.0124
5/28/2010,92.5698
5/27/2010,93.7462
5/26/2010,90.7077
5/25/2010,91.2579
5/24/2010,91.1648
5/21/2010,92.3497
5/20/2010,91.0209
5/19/2010,94.5927
5/18/2010,95.1343
5/17/2010,96.4463
5/14/2010,96.3955
5/13/2010,98.1729
5/12/2010,99.4086
5/11/2010,98.0375
5/10/2010,98.3168
5/7/2010,94.1695
5/6/2010,95.5914
5/5/2010,98.8754
5/4/2010,99.4679
5/3/2010,101.8632
4/30/2010,100.5597
4/29/2010,102.2948
4/28/2010,101.0422
4/27/2010,100.2804
4/26/2010,102.7095
4/23/2010,103.0989
4/22/2010,102.4302
4/21/2010,102.1256
4/20/2010,102.3117
4/19/2010,101.4061
4/16/2010,101.0252
4/15/2010,102.6588
4/14/2010,102.5741
4/13/2010,101.4231
4/12/2010,101.3469
4/9/2010,101.1861
4/8/2010,100.5259
4/7/2010,100.1788
4/6/2010,100.7544
4/5/2010,100.5174
4/1/2010,99.7049
3/31/2010,99.0277
3/30/2010,99.3663
3/29/2010,99.2986
3/26/2010,98.6723
3/25/2010,98.7315
3/24/2010,98.8923
3/23/2010,99.3748
3/22/2010,98.6807
3/19/2010,98.156
3/18/2010,98.6553
3/17/2010,98.7059
3/16/2010,98.1243
3/15/2010,97.3488
3/12/2010,97.3235
3/11/2010,97.3151
3/10/2010,96.9105
3/9/2010,96.4806
3/8/2010,96.3205
3/5/2010,96.3036
3/4/2010,94.9465
3/3/2010,94.6599
3/2/2010,94.5756
3/1/2010,94.3143
2/26/2010,93.345
2/25/2010,93.2859
2/24/2010,93.4124
2/23/2010,92.561
2/22/2010,93.699
2/19/2010,93.6821
2/18/2010,93.4883
2/17/2010,92.9403
2/16/2010,92.502
2/12/2010,91.0691
2/11/2010,91.1449
2/10/2010,90.2008
2/9/2010,90.3779
2/8/2010,89.2568
2/5/2010,89.9058
2/4/2010,89.7204
2/3/2010,92.5779
2/2/2010,93.0415
2/1/2010,91.9288
1/29/2010,90.5211
1/28/2010,91.5158
1/27/2010,92.5779
1/26/2010,92.1396
1/25/2010,92.5273
1/22/2010,92.0553
1/21/2010,94.1541
1/20/2010,96.0001
1/19/2010,96.9864
1/15/2010,95.7894
1/14/2010,96.8768
1/13/2010,96.6155
1/12/2010,95.8063
1/11/2010,96.7082
1/8/2010,96.5733
1/7/2010,96.253
1/6/2010,95.8484
1/5/2010,95.781
1/4/2010,95.5281
12/31/2009,93.935
12/30/2009,94.8454
12/29/2009,94.879
12/28/2009,95.0139
12/24/2009,94.8116
12/23/2009,94.3649
12/22/2009,94.1794
12/21/2009,93.8423
12/18/2009,92.8982
12/17/2009,92.3756
12/16/2009,93.4991
12/15/2009,93.3565
12/14/2009,93.7925
12/11/2009,93.1553
12/10/2009,92.7613
12/9/2009,92.2414
12/8/2009,91.8977
12/7/2009,92.9289
12/4/2009,93.0715
12/3/2009,92.5433
12/2/2009,93.2727
12/1/2009,93.3146
11/30/2009,92.1744
11/27/2009,91.8641
11/25/2009,93.3816
11/24/2009,93.0547
11/23/2009,92.9121
11/20/2009,91.7468
11/19/2009,92.0738
11/18/2009,93.2894
11/17/2009,93.3481
11/16/2009,93.2392
11/13/2009,91.9061
11/12/2009,91.4114
11/11/2009,92.3504
11/10/2009,91.8809
11/9/2009,91.8641
11/6/2009,89.8185
11/5/2009,89.5837
11/4/2009,87.9656
11/3/2009,87.7392
11/2/2009,87.4625
10/30/2009,86.8253
10/29/2009,89.416
10/28/2009,87.538
10/27/2009,89.2232
10/26/2009,89.634
10/23/2009,90.6149
10/22/2009,91.663
10/21/2009,90.7407
10/20/2009,91.5623
10/19/2009,92.0486
10/16/2009,91.294
10/15/2009,91.9815
10/14/2009,91.6462
10/13/2009,90.0951
10/12/2009,90.2796
10/9/2009,89.9274
10/8/2009,89.3825
10/7/2009,88.7034
10/6/2009,88.4602
10/5/2009,87.211
10/2/2009,85.9282
10/1/2009,86.3307
9/30/2009,88.5273
9/29/2009,88.871
9/28/2009,89.1393
9/25/2009,87.5715
9/24/2009,88.041
9/23/2009,89.022
9/22/2009,89.7681
9/21/2009,89.2483
9/18/2009,89.4747
9/17/2009,89.4177
9/16/2009,89.5512
9/15/2009,88.2161
9/14/2009,87.8489
9/11/2009,87.4234
9/10/2009,87.4401
9/9/2009,86.5556
9/8/2009,85.8964
9/4/2009,85.1621
9/3/2009,83.9855
9/2/2009,83.293
9/1/2009,83.61
8/31/2009,85.4958
8/28/2009,86.2635
8/27/2009,86.2802
8/26/2009,86.0883
8/25/2009,86.08
8/24/2009,85.9131
8/21/2009,85.9214
8/20/2009,84.2692
8/19/2009,83.4098
8/18/2009,82.6838
8/17/2009,82.033
8/14/2009,84.1024
8/13/2009,84.7532
8/12/2009,84.1107
8/11/2009,83.2179
8/10/2009,84.2692
8/7/2009,84.4445
8/6/2009,83.3514
8/5/2009,83.7853
8/4/2009,84.0273
8/3/2009,83.8103
7/31/2009,82.4502
7/30/2009,82.3334
7/29/2009,81.4822
7/28/2009,81.6825
7/27/2009,82.0663
7/24/2009,81.8244
7/23/2009,81.4906
7/22/2009,79.7299
7/21/2009,79.7466
7/20/2009,79.3795
7/17/2009,78.5451
7/16/2009,77.6939
7/15/2009,77.8191
7/14/2009,75.6078
7/13/2009,75.1823
7/10/2009,73.3966
7/9/2009,73.5718
7/8/2009,73.43
7/7/2009,73.4801
7/6/2009,74.932
7/2/2009,74.9403
7/1/2009,77.0431
6/30/2009,76.726
6/29/2009,77.3518
6/26/2009,76.6342
6/25/2009,76.8344
6/24/2009,75.199
6/23/2009,74.5565
6/22/2009,74.498
6/19/2009,76.8011
6/18/2009,76.519
6/17/2009,75.9631
6/16/2009,76.0378
6/15/2009,77.0833
6/12/2009,78.8921
6/11/2009,78.6764
6/10/2009,78.3279
6/9/2009,78.527
6/8/2009,78.1287
6/5/2009,78.4523
6/4/2009,78.4357
6/3/2009,77.7056
6/2/2009,78.7013
6/1/2009,78.6349
5/29/2009,76.7763
5/28/2009,75.4404
5/27/2009,74.4032
5/26/2009,75.7557
5/22/2009,73.8638
5/21/2009,74.0215
5/20/2009,75.1002
5/19/2009,75.6063
5/18/2009,75.6976
5/15/2009,73.6066
5/14/2009,74.2124
5/13/2009,73.5818
5/12/2009,75.4819
5/11/2009,75.7059
5/8/2009,77.1496
5/7/2009,75.3906
5/6/2009,76.4527
5/5/2009,75.15
5/4/2009,75.4072
5/1/2009,72.9263
4/30/2009,72.5363
4/29/2009,72.5114
4/28/2009,71.0013
4/27/2009,71.2253
4/24/2009,71.9056
4/23/2009,70.8353
4/22/2009,70.1466
4/21/2009,70.578
4/20/2009,69.2256
4/17/2009,72.2541
4/16/2009,71.7729
4/15/2009,70.7357
4/14/2009,69.9889
4/13/2009,71.217
4/9/2009,71.2004
4/8/2009,68.4788
4/7/2009,67.7487
4/6/2009,69.3666
4/3/2009,69.9143
4/2/2009,69.2256
4/1/2009,67.2591
3/31/2009,65.9813
3/30/2009,65.3755
3/27/2009,67.7154
3/26/2009,68.9601
3/25/2009,67.5827
3/24/2009,66.8774
3/23/2009,68.2216
3/20/2009,63.6497
3/19/2009,65.0346
3/18/2009,65.8501
3/17/2009,64.4084
3/16/2009,62.4971
3/13/2009,62.6866
3/12/2009,62.2005
3/11/2009,59.8443
3/10/2009,59.4571
3/9/2009,56.1123
3/6/2009,56.7796
3/5/2009,56.6807
3/4/2009,59.0946
3/3/2009,57.727
3/2/2009,58.1637
2/27/2009,60.9071
2/26/2009,62.2993
2/25/2009,63.3292
2/24/2009,63.8317
2/23/2009,61.5002
2/20/2009,63.7823
2/19/2009,64.4084
2/18/2009,65.1087
2/17/2009,65.2652
2/13/2009,68.1817
2/12/2009,68.9231
2/11/2009,68.8737
2/10/2009,68.47
2/9/2009,71.7571
2/6/2009,71.6583
2/5/2009,69.6728
2/4/2009,68.6512
2/3/2009,68.989
2/2/2009,68.0333
1/30/2009,68.2393
1/29/2009,69.6563
1/28/2009,71.9961
1/27/2009,69.6399
1/26/2009,68.9396
1/23/2009,68.47
1/22/2009,68.1734
1/21/2009,69.2444
1/20/2009,66.3774
1/16/2009,70.0765
1/15/2009,69.5328
1/14/2009,69.508
1/13/2009,71.7654
1/12/2009,71.6336
1/9/2009,73.3966
1/8/2009,75.0031
1/7/2009,74.6983
1/6/2009,77.0051
1/5/2009,76.4943
1/2/2009,76.5849
12/31/2008,74.344
12/30/2008,73.2977
12/29/2008,71.6006
12/26/2008,71.8066
12/24/2008,71.3947
12/23/2008,70.9827
12/22/2008,71.7242
12/19/2008,72.6552
12/18/2008,72.969
12/17/2008,74.3583
12/16/2008,75.0856
12/15/2008,71.7105
12/12/2008,72.7239
12/11/2008,71.8658
12/10/2008,73.6391
12/9/2008,73.1406
12/8/2008,74.3664
12/5/2008,71.8576
12/4/2008,69.7083
12/3/2008,71.3591
12/2/2008,69.6838
12/1/2008,67.1014
11/28/2008,73.6228
11/26/2008,72.7075
11/25/2008,70.0025
11/24/2008,69.4877
11/21/2008,64.9848
11/20/2008,61.6588
11/19/2008,66.6029
11/18/2008,71.1629
11/17/2008,69.8473
11/14/2008,70.7871
11/13/2008,74.5054
11/12/2008,70.1333
11/11/2008,73.3613
11/10/2008,75.6985
11/7/2008,76.7037
11/6/2008,74.2521
11/5/2008,78.6078
11/4/2008,82.0565
11/3/2008,79.3596
10/31/2008,79.1308
10/30/2008,78.6977
10/29/2008,76.0662
10/28/2008,76.622
10/27/2008,68.6051
10/24/2008,71.1303
10/23/2008,74.9303
10/22/2008,74.0723
10/21/2008,78.3381
10/20/2008,80.7489
10/17/2008,76.1725
10/16/2008,76.6301
10/15/2008,73.5656
10/14/2008,81.5988
10/13/2008,82.8246
10/10/2008,72.3234
10/9/2008,74.1213
10/8/2008,79.6865
10/7/2008,81.7459
10/6/2008,85.5786
10/3/2008,90.1714
10/2/2008,91.4054
10/1/2008,94.8458
9/30/2008,94.7886
9/29/2008,91.0213
9/26/2008,98.7603
9/25/2008,98.7113
9/24/2008,97.1912
9/23/2008,96.8807
9/22/2008,99.1362
9/19/2008,101.4326
9/18/2008,97.5582
9/17/2008,94.7469
9/16/2008,99.2076
9/15/2008,97.5744
9/12/2008,102.4495
9/11/2008,101.9782
9/10/2008,100.5238
9/9/2008,100.1176
9/8/2008,103.1807
9/5/2008,101.0926
9/4/2008,100.7757
9/3/2008,103.9039
9/2/2008,103.9933
8/29/2008,104.6433
8/28/2008,105.7808
8/27/2008,104.5133
8/26/2008,103.5058
8/25/2008,103.2051
8/22/2008,105.342
8/21/2008,103.8389
8/20/2008,103.6601
8/19/2008,103.1807
8/18/2008,104.3183
8/15/2008,105.7645
8/14/2008,105.2527
8/13/2008,104.4645
8/12/2008,105.0983
8/11/2008,106.2033
8/8/2008,105.1145
8/7/2008,103.197
8/6/2008,104.757
8/5/2008,104.2939
8/4/2008,101.5557
8/1/2008,102.5064
7/31/2008,103.0507
7/30/2008,104.432
7/29/2008,102.6039
7/28/2008,100.4588
7/25/2008,101.9539
7/24/2008,101.9782
7/23/2008,104.1395
7/22/2008,103.5789
7/21/2008,102.417
7/18/2008,102.3601
7/17/2008,101.7264
7/16/2008,100.7188
7/15/2008,98.3057
7/14/2008,99.7113
7/11/2008,100.6213
7/10/2008,101.8076
7/9/2008,101.3932
7/8/2008,103.3839
7/7/2008,101.5801
7/3/2008,102.6282
7/2/2008,102.5226
7/1/2008,104.3101
6/30/2008,103.9851
6/27/2008,103.6195
6/26/2008,104.1883
6/25/2008,107.0971
6/24/2008,106.5933
6/23/2008,106.8046
6/20/2008,106.9102
6/19/2008,108.6741
6/18/2008,108.5367
6/17/2008,109.6039
6/16/2008,110.1375
6/13/2008,110.0728
6/12/2008,108.6984
6/11/2008,108.2861
6/10/2008,109.903
6/9/2008,110.4527
6/6/2008,110.186
6/5/2008,113.816
6/4/2008,111.5846
6/3/2008,111.6412
6/2/2008,112.2961
5/30/2008,113.4684
5/29/2008,113.1854
5/28/2008,112.6194
5/27/2008,112.1021
5/23/2008,111.2774
5/22/2008,112.7892
5/21/2008,112.7731
5/20/2008,114.7134
5/19/2008,115.6512
5/16/2008,115.3359
5/15/2008,115.2308
5/14/2008,113.8079
5/13/2008,113.5734
5/12/2008,113.5573
5/9/2008,112.2961
5/8/2008,112.5063
5/7/2008,112.7973
5/6/2008,114.8427
5/5/2008,113.8564
5/2/2008,114.4062
5/1/2008,114.0909
4/30/2008,111.7786
4/29/2008,112.4416
4/28/2008,112.8863
4/25/2008,112.862
4/24/2008,111.8272
4/23/2008,111.3421
4/22/2008,111.5199
4/21/2008,112.0131
4/18/2008,111.9565
4/17/2008,110.8004
4/16/2008,110.6387
4/15/2008,107.7202
4/14/2008,107.4695
4/11/2008,107.8333
4/10/2008,109.9677
4/9/2008,109.8141
4/8/2008,110.6145
4/7/2008,110.7276
4/4/2008,110.671
4/3/2008,110.7923
4/2/2008,110.5174
4/1/2008,110.4447
3/31/2008,106.6934
3/28/2008,106.3215
3/27/2008,107.3482
3/26/2008,107.6878
3/25/2008,109.0218
3/24/2008,108.9167
3/20/2008,106.7823
3/19/2008,104.8404
3/18/2008,107.5032
3/17/2008,103.2153
3/14/2008,104.2692
3/13/2008,105.9103
3/12/2008,105.677
3/11/2008,106.6746
3/10/2008,102.974
3/7/2008,104.3496
3/6/2008,105.4357
3/5/2008,107.6641
3/4/2008,106.9884
3/3/2008,107.3986
2/29/2008,107.6561
2/28/2008,110.1097
2/27/2008,111.1958
2/26/2008,111.3084
2/25/2008,110.4798
2/22/2008,109.1041
2/21/2008,108.4364
2/20/2008,109.3455
2/19/2008,109.0237
2/15/2008,108.718
2/14/2008,108.7421
2/13/2008,109.7075
2/12/2008,108.5974
2/11/2008,107.5998
2/8/2008,107.0527
2/7/2008,107.7445
2/6/2008,107.0366
2/5/2008,107.9055
2/4/2008,110.874
2/1/2008,112.2899
1/31/2008,110.5119
1/30/2008,108.533
1/29/2008,109.3374
1/28/2008,108.7985
1/25/2008,107.0286
1/24/2008,108.5974
1/23/2008,107.6882
1/22/2008,105.1622
1/18/2008,106.2402
1/17/2008,107.3423
1/16/2008,110.1983
1/15/2008,111.1556
1/14/2008,113.6575
1/11/2008,112.7485
1/10/2008,113.6656
1/9/2008,112.9255
1/8/2008,111.7509
1/7/2008,113.5851
1/4/2008,113.6817
1/3/2008,116.5376
1/2/2008,116.5939
12/31/2007,117.6237
12/28/2007,118.5005
12/27/2007,118.7982
12/26/2007,120.3106
12/24/2007,120.0532
12/21/2007,119.1682
12/20/2007,117.4749
12/19/2007,116.7386
12/18/2007,116.7386
12/17/2007,116.0904
12/14/2007,117.7709
12/13/2007,119.2834
12/12/2007,119.5314
12/11/2007,118.3631
12/10/2007,121.7001
12/7/2007,120.7637
12/6/2007,120.7878
12/5/2007,119.0833
12/4/2007,117.1227
12/3/2007,118.179
11/30/2007,118.9633
11/29/2007,117.7789
11/28/2007,117.7389
11/27/2007,114.0898
11/26/2007,112.7934
11/23/2007,115.3382
11/21/2007,113.3776
11/20/2007,115.7463
11/19/2007,115.0421
11/16/2007,116.6666
11/15/2007,116.4665
11/14/2007,118.171
11/13/2007,118.4991
11/12/2007,114.9941
11/9/2007,116.1464
11/8/2007,117.7629
11/7/2007,118.3631
11/6/2007,121.6921
11/5/2007,120.0756
11/2/2007,120.9958
11/1/2007,120.8598
10/31/2007,123.7567
10/30/2007,122.4843
10/29/2007,123.3405
10/26/2007,122.9324
10/25/2007,121.508
10/24/2007,121.2199
10/23/2007,121.444
10/22/2007,120.4677
10/19/2007,119.7715
10/18/2007,122.9885
10/17/2007,123.4365
10/16/2007,123.0604
10/15/2007,124.0447
10/12/2007,125.1011
10/11/2007,124.4128
10/10/2007,125.013
10/9/2007,125.2211
10/8/2007,124.0528
10/5/2007,124.717
10/4/2007,123.2525
10/3/2007,123.0604
10/2/2007,123.3086
10/1/2007,123.4766
9/28/2007,122.1002
9/27/2007,122.5083
9/26/2007,121.7881
9/25/2007,121.1479
9/24/2007,121.3879
9/21/2007,121.6121
9/20/2007,121.2848
9/19/2007,122.1449
9/18/2007,121.4281
9/17/2007,117.9555
9/14/2007,118.5927
9/13/2007,118.6007
9/12/2007,117.7723
9/11/2007,117.4697
9/10/2007,116.1157
9/7/2007,116.3387
9/6/2007,117.9794
9/5/2007,117.7086
9/4/2007,118.736
8/31/2007,117.5493
8/30/2007,116.4025
8/29/2007,116.7131
8/28/2007,114.467
8/27/2007,117.0396
8/24/2007,118.1387
8/23/2007,116.6971
8/22/2007,116.8007
8/21/2007,115.4307
8/20/2007,115.1998
8/17/2007,115.2555
8/16/2007,113.1768
8/15/2007,112.3325
8/14/2007,113.9016
8/13/2007,115.6697
8/10/2007,115.2555
8/9/2007,115.7971
8/8/2007,119.3334
8/7/2007,117.6927
8/6/2007,116.4502
8/3/2007,114.5308
8/2/2007,117.5573
8/1/2007,116.6255
7/31/2007,116.0599
7/30/2007,117.3821
7/27/2007,115.5741
7/26/2007,117.8918
7/25/2007,120.7511
7/24/2007,120.5042
7/23/2007,122.6308
7/20/2007,122.2564
7/19/2007,123.5068
7/18/2007,123.029
7/17/2007,123.252
7/16/2007,123.3157
7/13/2007,123.3316
7/12/2007,122.9652
7/11/2007,121.0538
7/10/2007,120.2015
7/9/2007,121.9378
7/6/2007,121.8423
7/5/2007,121.2051
7/3/2007,121.3325
7/2/2007,120.8944
6/29/2007,119.8112
6/28/2007,119.7714
6/27/2007,119.7874
6/26/2007,118.1069
6/25/2007,119.3334
6/22/2007,119.9069
6/21/2007,121.0458
6/20/2007,120.3768
6/19/2007,122.0732
6/18/2007,121.7706
6/15/2007,121.914
6/14/2007,121.2242
6/13/2007,120.4549
6/12/2007,118.6785
6/11/2007,119.987
6/8/2007,119.7809
6/7/2007,118.2424
6/6/2007,120.4153
6/5/2007,121.7238
6/4/2007,122.2076
6/1/2007,122.1917
5/31/2007,121.589
5/30/2007,121.7159
5/29/2007,120.7325
5/25/2007,120.2963
5/24/2007,119.7968
5/23/2007,120.8911
5/22/2007,120.8752
5/21/2007,120.9704
5/18/2007,121.0339
5/17/2007,119.987
5/16/2007,120.225
5/15/2007,119.4081
5/14/2007,119.3764
5/11/2007,119.6381
5/10/2007,118.623
5/9/2007,119.8761
5/8/2007,119.5509
5/7/2007,119.7095
5/4/2007,119.6857
5/3/2007,119.2337
5/2/2007,118.5913
5/1/2007,117.9014
4/30/2007,117.6
4/27/2007,118.5833
4/26/2007,118.6785
4/25/2007,118.5437
4/24/2007,117.4652
4/23/2007,117.4176
4/20/2007,117.8617
4/19/2007,116.7594
4/18/2007,116.7911
4/17/2007,116.6483
4/16/2007,116.3391
4/13/2007,115.2447
4/12/2007,114.7213
4/11/2007,114.2137
4/10/2007,114.6816
4/9/2007,114.5468
4/5/2007,114.3882
4/4/2007,114.0789
4/3/2007,113.952
4/2/2007,112.7387
3/30/2007,112.6118
3/29/2007,112.588
3/28/2007,112.469
3/27/2007,113.2938
3/26/2007,113.5634
3/23/2007,113.7141
3/22/2007,113.5476
3/21/2007,113.6348
3/20/2007,111.7949
3/19/2007,111.1843
3/16/2007,109.8599
3/15/2007,110.1684
3/14/2007,110.0183
3/13/2007,109.2047
3/12/2007,111.3691
3/9/2007,111.2032
3/8/2007,111.1716
3/7/2007,110.2395
3/6/2007,110.3501
3/5/2007,108.4938
3/2/2007,109.5365
3/1/2007,110.9899
2/28/2007,111.3217
2/27/2007,110.1921
2/26/2007,114.6709
2/23/2007,114.7736
2/22/2007,115.2238
2/21/2007,115.3107
2/20/2007,115.3581
2/16/2007,115.1132
2/15/2007,115.1685
2/14/2007,115.0184
2/13/2007,114.2681
2/12/2007,113.3122
2/9/2007,113.6993
2/8/2007,114.5524
2/7/2007,114.7025
2/6/2007,114.4498
2/5/2007,114.4181
2/2/2007,114.3865
2/1/2007,114.2286
1/31/2007,113.5492
1/30/2007,112.7909
1/29/2007,112.2064
1/26/2007,112.2696
1/25/2007,112.3722
1/24/2007,113.7072
1/23/2007,112.7989
1/22/2007,112.467
1/19/2007,112.8146
1/18/2007,112.5934
1/17/2007,112.9726
1/16/2007,112.9252
1/12/2007,113.1464
1/11/2007,112.2933
1/10/2007,111.8035
1/9/2007,111.4323
1/8/2007,111.5271
1/5/2007,111.0136
1/4/2007,111.9062
1/3/2007,111.6693
12/29/2006,111.8667
12/28/2006,112.3328
12/27/2006,112.5697
12/26/2006,111.8351
12/22/2006,111.1795
12/21/2006,111.8667
12/20/2006,112.2775
12/19/2006,112.3407
12/18/2006,112.1274
12/15/2006,112.4355
12/14/2006,112.4252
12/13/2006,111.4433
12/12/2006,111.3254
12/11/2006,111.4119
12/8/2006,111.0898
12/7/2006,110.8855
12/6/2006,111.3726
12/5/2006,111.4669
12/4/2006,110.9877
12/1/2006,110.1471
11/30/2006,110.3906
11/29/2006,110.3435
11/28/2006,109.2045
11/27/2006,108.7332
11/24/2006,110.2493
11/22/2006,110.697
11/21/2006,110.4771
11/20/2006,110.3671
11/17/2006,110.3043
11/16/2006,110.2728
11/15/2006,109.9901
11/14/2006,109.6758
11/13/2006,108.8589
11/10/2006,108.5918
11/9/2006,108.5447
11/8/2006,109.1181
11/7/2006,108.8825
11/6/2006,108.4661
11/3/2006,107.2564
11/2/2006,107.445
11/1/2006,107.5078
10/31/2006,108.2383
10/30/2006,108.254
10/27/2006,108.3326
10/26/2006,109.016
10/25/2006,108.6782
10/24/2006,108.309
10/23/2006,107.9869
10/20/2006,107.4921
10/19/2006,107.4685
10/18/2006,107.2956
10/17/2006,107.1543
10/16/2006,107.4921
10/13/2006,107.3271
10/12/2006,107.0521
10/11/2006,106.1331
10/10/2006,106.2588
10/9/2006,106.1174
10/6/2006,106.0545
10/5/2006,106.1881
10/4/2006,105.9839
10/3/2006,104.7584
10/2/2006,104.5385
9/29/2006,104.9312
9/28/2006,105.0176
9/27/2006,105.0569
9/26/2006,104.9312
9/25/2006,104.0672
9/22/2006,103.2737
9/21/2006,103.588
9/20/2006,104.0907
9/19/2006,103.5408
9/18/2006,103.8001
9/15/2006,103.6587
9/14/2006,103.4159
9/13/2006,103.4081
9/12/2006,102.9936
9/11/2006,101.9925
9/8/2006,101.8909
9/7/2006,101.6015
9/6/2006,102.0707
9/5/2006,102.978
9/1/2006,102.7824
8/31/2006,102.1724
8/30/2006,102.188
8/29/2006,102.1255
8/28/2006,102.0082
8/25/2006,101.5232
8/24/2006,101.3981
8/23/2006,101.4842
8/22/2006,101.7657
8/21/2006,101.7736
8/18/2006,102.2116
8/17/2006,101.6953
8/16/2006,101.4372
8/15/2006,100.6004
8/14/2006,99.4116
8/11/2006,99.3334
8/10/2006,99.615
8/9/2006,99.3099
8/8/2006,99.6463
8/7/2006,100.0295
8/4/2006,100.2641
8/3/2006,100.4362
8/2/2006,100.1702
8/1/2006,99.4977
7/31/2006,99.9904
7/28/2006,100.092
7/27/2006,99.0988
7/26/2006,99.1926
7/25/2006,99.0597
7/24/2006,98.7077
7/21/2006,96.9402
7/20/2006,97.6285
7/19/2006,98.301
7/18/2006,96.9559
7/17/2006,96.4631
7/14/2006,96.6039
7/13/2006,96.9793
7/12/2006,98.5826
7/11/2006,99.6463
7/10/2006,99.2083
7/7/2006,99.0206
7/6/2006,99.6697
7/5/2006,99.3803
7/3/2006,99.9513
6/30/2006,99.5446
6/29/2006,99.5368
6/28/2006,97.5659
6/27/2006,96.9089
6/26/2006,97.7536
6/23/2006,97.3234
6/22/2006,97.3391
6/21/2006,97.7692
6/20/2006,97.0497
6/19/2006,96.7212
6/16/2006,97.4877
6/15/2006,98.2033
6/14/2006,96.1632
6/13/2006,95.4235
6/12/2006,96.5448
6/9/2006,97.6037
6/8/2006,97.9152
6/7/2006,98.0008
6/6/2006,98.7406
6/5/2006,98.9819
6/2/2006,100.4458
6/1/2006,100.2356
5/31/2006,99.2856
5/30/2006,98.1877
5/26/2006,99.963
5/25/2006,99.4569
5/24/2006,98.2422
5/23/2006,97.4636
5/22/2006,98.2111
5/19/2006,98.9664
5/18/2006,98.2734
5/17/2006,98.7717
5/16/2006,100.6872
5/15/2006,100.8352
5/12/2006,100.6327
5/11/2006,101.9642
5/10/2006,103.21
5/9/2006,103.2645
5/8/2006,103.062
5/5/2006,103.1867
5/4/2006,102.2834
5/3/2006,101.9175
5/2/2006,102.299
5/1/2006,101.5359
4/28/2006,102.369
4/27/2006,102.0264
4/26/2006,101.5359
4/25/2006,101.5126
4/24/2006,101.933
4/21/2006,102.1199
4/20/2006,102.1043
4/19/2006,101.9642
4/18/2006,101.7695
4/17/2006,100.1811
4/13/2006,100.22
4/12/2006,100.3524
4/11/2006,100.1655
4/10/2006,101.022
4/7/2006,100.8663
4/6/2006,101.9019
4/5/2006,102.0109
4/4/2006,101.6605
4/3/2006,101.0142
3/31/2006,101.0921
3/30/2006,101.0687
3/29/2006,101.2478
3/28/2006,100.6171
3/27/2006,101.2401
3/24/2006,101.388
3/23/2006,101.3101
3/22/2006,101.5203
3/21/2006,100.9052
3/20/2006,101.5437
3/17/2006,101.7072
3/16/2006,101.6223
3/15/2006,101.4129
3/14/2006,100.9631
3/13/2006,99.9161
3/10/2006,99.73
3/9/2006,98.7915
3/8/2006,99.4585
3/7/2006,99.2491
3/6/2006,99.4042
3/3/2006,99.8618
3/2/2006,100.3272
3/1/2006,100.3349
2/28/2006,99.4508
2/27/2006,100.4047
2/24/2006,100.3659
2/23/2006,100.11
2/22/2006,100.2574
2/21/2006,99.6524
2/17/2006,99.9006
2/16/2006,100.172
2/15/2006,99.4275
2/14/2006,99.0785
2/13/2006,98.0392
2/10/2006,98.2176
2/9/2006,98.0392
2/8/2006,98.2021
2/7/2006,97.318
2/6/2006,98.1866
2/3/2006,97.9307
2/2/2006,98.4193
2/1/2006,99.5749
1/31/2006,98.8846
1/30/2006,99.6136
1/27/2006,99.6912
1/26/2006,98.776
1/25/2006,98.2331
1/24/2006,98.1478
1/23/2006,98.047
1/20/2006,97.698
1/19/2006,99.5128
1/18/2006,99.1328
1/17/2006,99.5283
1/13/2006,99.7998
1/12/2006,99.8928
1/11/2006,100.2883
1/10/2006,99.9704
1/9/2006,99.8696
1/6/2006,99.6136
1/5/2006,98.7915
1/4/2006,98.7295
1/3/2006,98.2642
12/30/2005,96.5657
12/29/2005,97.0931
12/28/2005,97.5274
12/27/2005,97.3102
12/23/2005,98.3107
12/22/2005,98.2564
12/21/2005,97.7445
12/20/2005,97.5894
12/19/2005,97.4964
12/16/2005,98.0005
12/15/2005,98.3169
12/14/2005,98.6023
12/13/2005,98.2166
12/12/2005,97.5531
12/9/2005,97.4606
12/8/2005,97.206
12/7/2005,97.2677
12/6/2005,97.8386
12/5/2005,97.6534
12/2/2005,97.8617
12/1/2005,97.7383
11/30/2005,96.7508
11/29/2005,97.2754
11/28/2005,97.3834
11/25/2005,98.0777
11/23/2005,98.0006
11/22/2005,97.4374
11/21/2005,97.0208
11/18/2005,96.5348
11/17/2005,96.1568
11/16/2005,95.2696
11/15/2005,95.0767
11/14/2005,95.4239
11/11/2005,95.4779
11/10/2005,95.1538
11/9/2005,94.421
11/8/2005,94.2975
11/7/2005,94.2975
11/4/2005,94.2049
11/3/2005,94.3284
11/2/2005,93.9272
11/1/2005,92.9551
10/31/2005,92.6774
10/28/2005,92.4228
10/27/2005,91.1113
10/26/2005,92.0911
10/25/2005,92.3611
10/24/2005,92.5462
10/21/2005,91.1344
10/20/2005,90.7796
10/19/2005,92.4074
10/18/2005,90.8953
10/17/2005,91.8905
10/14/2005,91.5511
10/13/2005,90.5944
10/12/2005,90.6484
10/11/2005,91.3659
10/10/2005,91.4971
10/7/2005,92.2762
10/6/2005,91.9599
10/5/2005,92.2917
10/4/2005,93.5183
10/3/2005,94.583
9/30/2005,94.9224
9/29/2005,94.6293
9/28/2005,93.8655
9/27/2005,93.7729
9/26/2005,93.796
9/23/2005,93.688
9/22/2005,93.6109
9/21/2005,93.2791
9/20/2005,94.1586
9/19/2005,94.961
9/16/2005,95.2773
9/15/2005,94.6046
9/14/2005,94.6506
9/13/2005,94.9963
9/12/2005,95.5264
9/9/2005,95.7185
9/8/2005,94.8734
9/7/2005,95.1884
9/6/2005,95.0271
9/2/2005,93.9286
9/1/2005,94.0976
8/31/2005,94.1667
8/30/2005,92.9913
8/29/2005,93.483
8/26/2005,92.7685
8/25/2005,93.4062
8/24/2005,93.0681
8/23/2005,93.9055
8/22/2005,94.0822
8/19/2005,94.0822
8/18/2005,93.8671
8/17/2005,93.8748
8/16/2005,93.8825
8/15/2005,95.1192
8/12/2005,94.5354
8/11/2005,95.1192
8/10/2005,94.7428
8/9/2005,94.7889
8/8/2005,94.2204
8/5/2005,94.3971
8/4/2005,95.0424
8/3/2005,95.8107
8/2/2005,95.5572
8/1/2005,94.9887
7/29/2005,95.0578
7/28/2005,95.6954
7/27/2005,95.0962
7/26/2005,94.7505
7/25/2005,94.6353
7/22/2005,94.9042
7/21/2005,94.2742
7/20/2005,94.8273
7/19/2005,94.5047
7/18/2005,93.99
7/15/2005,94.3664
7/14/2005,94.4202
7/13/2005,94.0515
7/12/2005,93.9208
7/11/2005,93.675
7/8/2005,93.1987
7/7/2005,92.1463
7/6/2005,91.7853
7/5/2005,92.5611
7/1/2005,91.8236
6/30/2005,91.5548
6/29/2005,92.0541
6/28/2005,92.2999
6/27/2005,91.5317
6/24/2005,91.4011
6/23/2005,92.0771
6/22/2005,93.3908
6/21/2005,93.314
6/20/2005,93.2602
6/17/2005,93.2295
6/16/2005,92.8853
6/15/2005,92.6481
6/14/2005,92.4722
6/13/2005,92.2579
6/10/2005,91.9672
6/9/2005,92.1814
6/8/2005,91.7453
6/7/2005,91.9136
6/6/2005,91.8447
6/3/2005,91.9289
6/2/2005,92.3956
6/1/2005,92.1967
5/31/2005,91.4163
5/27/2005,92.0054
5/26/2005,91.8524
5/25/2005,91.3627
5/24/2005,91.4315
5/23/2005,91.6458
5/20/2005,91.1409
5/19/2005,91.2709
5/18/2005,90.8883
5/17/2005,89.9626
5/16/2005,89.3658
5/13/2005,88.5394
5/12/2005,88.7154
5/11/2005,89.7024
5/10/2005,89.2127
5/9/2005,90.1462
5/6/2005,89.5876
5/5/2005,89.8708
5/4/2005,89.9013
5/3/2005,89.2127
5/2/2005,89.0597
4/29/2005,88.5624
4/28/2005,87.3765
4/27/2005,88.4859
4/26/2005,88.1416
4/25/2005,89.0062
4/22/2005,88.4247
4/21/2005,88.7613
4/20/2005,87.0704
4/19/2005,88.3023
4/18/2005,87.606
4/15/2005,87.3382
4/14/2005,88.5777
4/13/2005,89.7483
4/12/2005,90.8195
4/11/2005,90.3528
4/8/2005,90.2839
4/7/2005,91.2327
4/6/2005,90.743
4/5/2005,90.4293
4/4/2005,90.0008
4/1/2005,89.8478
3/31/2005,90.2533
3/30/2005,90.4216
3/29/2005,89.1592
3/28/2005,89.756
3/24/2005,89.6259
3/23/2005,89.5188
3/22/2005,89.4423
3/21/2005,90.3604
3/18/2005,90.6971
3/17/2005,90.9672
3/16/2005,90.7843
3/15/2005,91.5616
3/14/2005,92.3238
3/11/2005,91.7521
3/10/2005,92.3999
3/9/2005,92.1942
3/8/2005,93.2307
3/7/2005,93.5812
3/4/2005,93.5355
3/3/2005,92.3847
3/2/2005,92.3466
3/1/2005,92.3923
2/28/2005,91.9351
2/25/2005,92.5448
2/24/2005,91.6378
2/23/2005,91.0358
2/22/2005,90.388
2/18/2005,91.7521
2/17/2005,91.6302
2/16/2005,92.3771
2/15/2005,92.3161
2/14/2005,91.9732
2/11/2005,92.0417
2/10/2005,91.2568
2/9/2005,90.929
2/8/2005,91.615
2/7/2005,91.5083
2/4/2005,91.6302
2/3/2005,90.6623
2/2/2005,90.8986
2/1/2005,90.6242
1/31/2005,90.0526
1/28/2005,89.4963
1/27/2005,89.4963
1/26/2005,89.3438
1/25/2005,89.0771
1/24/2005,88.8256
1/21/2005,89.0008
1/20/2005,89.5496
1/19/2005,90.0983
1/18/2005,91.051
1/14/2005,90.1136
1/13/2005,89.6411
1/12/2005,90.3651
1/11/2005,90.0679
1/10/2005,90.6928
1/7/2005,90.266
1/6/2005,90.3956
1/5/2005,89.9383
1/4/2005,90.5633
1/3/2005,91.6836
12/31/2004,92.118
12/30/2004,92.3161
12/29/2004,92.4914
12/28/2004,92.3542
12/27/2004,91.8512
12/23/2004,92.0417
12/22/2004,91.9732
12/21/2004,91.7521
12/20/2004,91.051
12/17/2004,91.0282
12/16/2004,91.6393
12/15/2004,91.6925
12/14/2004,91.6242
12/13/2004,91.3056
12/10/2004,90.5167
12/9/2004,90.4257
12/8/2004,90.1071
12/7/2004,89.5837
12/6/2004,90.4257
12/3/2004,90.456
12/2/2004,90.5167
12/1/2004,90.4409
11/30/2004,89.4244
11/29/2004,89.3637
11/26/2004,89.7734
11/24/2004,89.8416
11/23/2004,89.6292
11/22/2004,89.4927
11/19/2004,89.0679
11/18/2004,90.0691
11/17/2004,89.9478
11/16/2004,89.4168
11/15/2004,90.0616
11/12/2004,89.8409
11/11/2004,89.1375
11/10/2004,88.4644
11/9/2004,88.3963
11/8/2004,88.5703
11/5/2004,88.6988
11/4/2004,88.1467
11/3/2004,86.9594
11/2/2004,85.8779
11/1/2004,85.8476
10/29/2004,85.6131
10/28/2004,85.6282
10/27/2004,85.3711
10/26/2004,84.3577
10/25/2004,83.0871
10/22/2004,83.1854
10/21/2004,84.1308
10/20/2004,83.5862
10/19/2004,83.7526
10/18/2004,84.4636
10/15/2004,84.1459
10/14/2004,83.677
10/13/2004,84.3577
10/12/2004,85.1064
10/11/2004,85.4392
10/8/2004,85.0913
10/7/2004,85.8022
10/6/2004,86.7324
10/5/2004,86.1426
10/4/2004,86.0971
10/1/2004,85.9535
9/30/2004,84.5241
9/29/2004,84.5845
9/28/2004,84.161
9/27/2004,83.7602
9/24/2004,84.2972
9/23/2004,83.9115
9/22/2004,84.3653
9/21/2004,85.4316
9/20/2004,85.061
9/17/2004,85.5753
9/16/2004,85.213
9/15/2004,84.957
9/14/2004,85.6047
9/13/2004,85.4315
9/10/2004,85.1528
9/9/2004,84.716
9/8/2004,84.7913
9/7/2004,85.0022
9/3/2004,84.4448
9/2/2004,84.7913
9/1/2004,83.8423
8/31/2004,83.6841
8/30/2004,83.2473
8/27/2004,83.9402
8/26/2004,83.6766
8/25/2004,83.6766
8/24/2004,83.1117
8/23/2004,82.9987
8/20/2004,83.2096
8/19/2004,82.6297
8/18/2004,82.8707
8/17/2004,82.0272
8/16/2004,81.5677
8/13/2004,80.7317
8/12/2004,80.5736
8/11/2004,81.4623
8/10/2004,81.628
8/9/2004,80.5886
8/6/2004,80.4756
8/5/2004,81.6431
8/4/2004,82.9987
8/3/2004,83.0063
8/2/2004,83.654
7/30/2004,83.4808
7/29/2004,83.2774
7/28/2004,82.9234
7/27/2004,82.6749
7/26/2004,81.9067
7/23/2004,82.0648
7/22/2004,82.7577
7/21/2004,82.5318
7/20/2004,84.0833
7/19/2004,83.0289
7/16/2004,83.3829
7/15/2004,83.4507
7/14/2004,83.9929
7/13/2004,84.249
7/12/2004,84.1888
7/9/2004,84.1511
7/8/2004,83.9327
7/7/2004,84.5201
7/6/2004,84.2716
7/2/2004,85.0172
7/1/2004,85.0624
6/30/2004,86.2599
6/29/2004,85.8005
6/28/2004,85.4465
6/25/2004,85.7402
6/24/2004,86.1545
6/23/2004,86.4256
6/22/2004,85.6876
6/21/2004,85.2582
6/18/2004,85.5821
6/17/2004,85.4209
6/16/2004,85.5485
6/15/2004,85.5635
6/14/2004,84.9632
6/10/2004,85.8112
6/9/2004,85.3909
6/8/2004,86.1939
6/7/2004,86.0738
6/4/2004,84.7831
6/3/2004,84.1152
6/2/2004,84.8957
6/1/2004,84.5804
5/28/2004,84.693
5/27/2004,84.7005
5/26/2004,84.2277
5/25/2004,83.9351
5/24/2004,82.7494
5/21/2004,82.4042
5/20/2004,82.2617
5/19/2004,81.999
5/18/2004,82.2842
5/17/2004,81.8714
5/14/2004,82.5768
5/13/2004,82.5393
5/12/2004,82.8845
5/11/2004,82.3592
5/10/2004,81.6688
5/7/2004,82.5168
5/6/2004,83.9051
5/5/2004,84.633
5/4/2004,84.0927
5/3/2004,84.1602
4/30/2004,83.2672
4/29/2004,83.9201
4/28/2004,84.663
4/27/2004,85.7736
4/26/2004,85.6986
4/23/2004,85.8186
4/22/2004,85.7361
4/21/2004,84.5504
4/20/2004,83.9876
4/19/2004,85.4209
4/16/2004,85.4209
4/15/2004,84.768
4/14/2004,85.0908
4/13/2004,84.9557
4/12/2004,86.1639
4/8/2004,85.8261
4/7/2004,86.0213
4/6/2004,86.2239
4/5/2004,86.5015
4/2/2004,86.0288
4/1/2004,85.3834
3/31/2004,84.8731
3/30/2004,84.7755
3/29/2004,84.4904
3/26/2004,83.3197
3/25/2004,83.2972
3/24/2004,82.2091
3/23/2004,82.1416
3/22/2004,82.2842
3/19/2004,83.3423
3/18/2004,84.5542
3/17/2004,84.5317
3/16/2004,83.597
3/15/2004,83.1558
3/12/2004,84.1877
3/11/2004,83.096
3/10/2004,84.1877
3/9/2004,85.6235
3/8/2004,85.9675
3/5/2004,87.0294
3/4/2004,86.7378
3/3/2004,86.5134
3/2/2004,86.3564
3/1/2004,86.8649
2/27/2004,86.0124
2/26/2004,85.9526
2/25/2004,85.9002
2/24/2004,85.5413
2/23/2004,85.6908
2/20/2004,85.9077
2/19/2004,86.1694
2/18/2004,86.491
2/17/2004,86.8724
2/13/2004,86.0946
2/12/2004,86.4835
2/11/2004,86.7976
2/10/2004,85.8853
2/9/2004,85.6086
2/6/2004,85.5862
2/5/2004,84.6364
2/4/2004,84.3897
2/3/2004,85.0851
2/2/2004,85.2272
1/30/2004,84.8608
1/29/2004,84.8608
1/28/2004,84.7785
1/27/2004,85.7581
1/26/2004,86.648
1/23/2004,85.5712
1/22/2004,85.8479
1/21/2004,86.0722
1/20/2004,85.3992
1/16/2004,85.4216
1/15/2004,85.0851
1/14/2004,84.8757
1/13/2004,84.1728
1/12/2004,84.6664
1/9/2004,84.0457
1/8/2004,84.786
1/7/2004,84.4495
1/6/2004,84.1653
1/5/2004,84.0831
1/2/2004,83.1782
12/31/2003,83.2156
12/30/2003,83.1408
12/29/2003,83.1259
12/26/2003,82.0341
12/24/2003,81.9743
12/23/2003,82.0565
12/22/2003,82.0042
12/19/2003,81.4358
12/18/2003,81.6632
12/17/2003,80.7551
12/16/2003,80.5021
12/15/2003,80.0853
12/12/2003,80.4872
12/11/2003,80.3309
12/10/2003,79.4378
12/9/2003,79.4452
12/8/2003,80.0629
12/5/2003,79.5271
12/4/2003,80.0853
12/3/2003,79.7578
12/2/2003,79.8843
12/1/2003,80.0853
11/28/2003,79.2294
11/26/2003,79.1698
11/25/2003,78.887
11/24/2003,78.5893
11/21/2003,77.5622
11/20/2003,77.2421
11/19/2003,77.9418
11/18/2003,77.2868
11/17/2003,78.098
11/14/2003,78.4925
11/13/2003,79.1624
11/12/2003,79.14
11/11/2003,78.2618
11/10/2003,78.2841
11/7/2003,78.6042
11/6/2003,79.1921
11/5/2003,78.7754
11/4/2003,78.7158
11/3/2003,78.887
10/31/2003,78.3734
10/30/2003,78.4479
10/29/2003,78.2841
10/28/2003,78.1799
10/27/2003,77.1305
10/24/2003,77.0933
10/23/2003,76.9221
10/22/2003,77.0635
10/21/2003,78.046
10/20/2003,78.1799
10/17/2003,77.5994
10/16/2003,78.4553
10/15/2003,78.1427
10/14/2003,78.3511
10/13/2003,78.0757
10/10/2003,77.8301
10/9/2003,77.6142
10/8/2003,77.4058
10/7/2003,77.5994
10/6/2003,77.3017
10/3/2003,76.9518
10/2/2003,76.2522
10/1/2003,75.9768
9/30/2003,74.3915
9/29/2003,75.1209
9/26/2003,74.3915
9/25/2003,74.6371
9/24/2003,75.2549
9/23/2003,76.6169
9/22/2003,76.3266
9/19/2003,77.1602
9/18/2003,77.5547
9/17/2003,76.6501
9/16/2003,76.7984
9/15/2003,75.6937
9/12/2003,75.9606
9/11/2003,75.8197
9/10/2003,75.5973
9/9/2003,76.3684
9/8/2003,76.8726
9/5/2003,76.2424
9/4/2003,76.6724
9/3/2003,76.6353
9/2/2003,76.2202
8/29/2003,75.2118
8/28/2003,74.7076
8/27/2003,74.2479
8/26/2003,74.2256
8/25/2003,74.0922
8/22/2003,73.9736
8/21/2003,74.715
8/20/2003,74.4777
8/19/2003,74.7817
8/18/2003,74.5
8/15/2003,73.8623
8/14/2003,73.6325
8/13/2003,73.4323
8/12/2003,73.8104
8/11/2003,73.1431
8/8/2003,72.8688
8/7/2003,72.6612
8/6/2003,71.9049
8/5/2003,71.4898
8/4/2003,73.0393
8/1/2003,73.0393
7/31/2003,73.6918
7/30/2003,73.5213
7/29/2003,73.6992
7/28/2003,74.0403
7/25/2003,74.3146
7/24/2003,73.0245
7/23/2003,73.5806
7/22/2003,73.5287
7/21/2003,72.8688
7/18/2003,73.7808
7/17/2003,73.0319
7/16/2003,74.0848
7/15/2003,74.5222
7/14/2003,74.6853
7/11/2003,74.322
7/10/2003,73.6251
7/9/2003,74.5741
7/8/2003,74.9967
7/7/2003,74.6631
7/3/2003,73.2098
7/2/2003,73.9736
7/1/2003,73.0542
6/30/2003,72.3869
6/27/2003,72.4091
6/26/2003,73.2544
6/25/2003,72.3127
6/24/2003,73.0468
6/23/2003,72.9726
6/20/2003,73.7289
6/19/2003,73.892
6/18/2003,75.0371
6/17/2003,75.1036
6/16/2003,75.1036
6/13/2003,73.5521
6/12/2003,74.3279
6/11/2003,74.0989
6/10/2003,73.3231
6/9/2003,72.5844
6/6/2003,73.3305
6/5/2003,73.6187
6/4/2003,73.2566
6/3/2003,72.215
6/2/2003,71.9195
5/30/2003,71.624
5/29/2003,70.4936
5/28/2003,70.6783
5/27/2003,70.4788
5/23/2003,69.2673
5/22/2003,69.1269
5/21/2003,68.4473
5/20/2003,68.3069
5/19/2003,68.4473
5/16/2003,70.0873
5/15/2003,70.2646
5/14/2003,69.8214
5/13/2003,69.9691
5/12/2003,70.0947
5/9/2003,69.2451
5/8/2003,68.2995
5/7/2003,68.9939
5/6/2003,69.3781
5/5/2003,68.728
5/2/2003,68.8609
5/1/2003,67.8932
4/30/2003,67.9005
4/29/2003,68.0483
4/28/2003,67.8119
4/25/2003,66.6594
4/24/2003,67.4942
4/23/2003,68.1
4/22/2003,67.4794
4/21/2003,66.2309
4/17/2003,66.1644
4/16/2003,65.1966
4/15/2003,66.327
4/14/2003,65.7138
4/11/2003,64.384
4/10/2003,64.6499
4/9/2003,64.2953
4/8/2003,65.1523
4/7/2003,65.0489
4/4/2003,65.1745
4/3/2003,64.7903
4/2/2003,65.1006
4/1/2003,63.564
3/31/2003,62.6036
3/28/2003,64.0589
3/27/2003,64.384
3/26/2003,64.3323
3/25/2003,64.6574
3/24/2003,64.0442
3/21/2003,66.2457
3/20/2003,64.8612
3/19/2003,64.7214
3/18/2003,64.2284
3/17/2003,63.8532
3/14/2003,61.9033
3/13/2003,61.7046
3/12/2003,59.6444
3/11/2003,59.247
3/10/2003,59.8357
3/7/2003,61.3073
3/6/2003,60.8879
3/5/2003,61.4029
3/4/2003,60.8879
3/3/2003,61.8739
2/28/2003,62.4699
2/27/2003,62.0578
2/26/2003,61.2484
2/25/2003,62.1535
2/24/2003,61.6605
2/21/2003,62.6759
2/20/2003,62.0504
2/19/2003,62.6759
2/18/2003,63.007
2/14/2003,61.918
2/13/2003,60.5936
2/12/2003,60.4096
2/11/2003,61.3882
2/10/2003,61.815
2/7/2003,61.3809
2/6/2003,62.1387
2/5/2003,62.4331
2/4/2003,62.823
2/3/2003,63.4485
1/31/2003,63.3234
1/30/2003,62.124
1/29/2003,63.6324
1/28/2003,63.1542
1/27/2003,62.6906
1/24/2003,63.5589
1/23/2003,65.2733
1/22/2003,64.876
1/21/2003,65.6706
1/17/2003,66.7081
1/16/2003,67.7088
1/15/2003,67.9884
1/14/2003,68.6727
1/13/2003,68.452
1/10/2003,68.474
1/9/2003,68.2901
1/8/2003,67.2452
1/7/2003,68.2312
1/6/2003,68.4005
1/3/2003,67.2158
1/2/2003,67.0098
12/31/2002,64.9201
12/30/2002,64.8318
12/27/2002,64.2947
12/26/2002,65.7736
12/24/2002,65.7442
12/23/2002,66.2372
12/20/2002,66.2151
12/19/2002,65.2836
12/18/2002,65.7522
12/17/2002,66.521
12/16/2002,67.1068
12/13/2002,65.4154
12/12/2002,66.4624
12/11/2002,66.4698
12/10/2002,66.4112
12/9/2002,65.5325
12/6/2002,67.385
12/5/2002,66.9457
12/4/2002,67.6925
12/3/2002,68.0001
12/2/2002,68.9226
11/29/2002,68.8128
11/27/2002,69.0325
11/26/2002,67.1434
11/25/2002,68.4467
11/22/2002,68.4028
11/21/2002,68.8934
11/20/2002,67.634
11/19/2002,66.1623
11/18/2002,66.2501
11/15/2002,66.9237
11/14/2002,66.4332
11/13/2002,65.203
11/12/2002,65.1371
11/11/2002,64.6246
11/8/2002,65.6424
11/7/2002,66.4551
11/6/2002,68.1246
11/5/2002,67.2532
11/4/2002,66.7261
11/1/2002,66.0964
10/31/2002,64.815
10/30/2002,65.4813
10/29/2002,64.8516
10/28/2002,65.6131
10/25/2002,66.0451
10/24/2002,64.6978
10/23/2002,66.0451
10/22/2002,65.5472
10/21/2002,66.0231
10/18/2002,64.9028
10/17/2002,64.6319
10/16/2002,63.3725
10/15/2002,64.9468
10/14/2002,61.9667
10/11/2002,61.6225
10/10/2002,59.0379
10/9/2002,57.1854
10/8/2002,58.8475
10/7/2002,57.9396
10/4/2002,59.1623
10/3/2002,60.268
10/2/2002,60.883
10/1/2002,62.7648
9/30/2002,59.8872
9/27/2002,60.5901
9/26/2002,62.7721
9/25/2002,61.7617
9/24/2002,60.268
9/23/2002,61.2565
9/20/2002,61.7617
9/19/2002,61.7412
9/18/2002,63.3813
9/17/2002,64.0228
9/16/2002,65.5244
9/13/2002,65.364
9/12/2002,65.2036
9/11/2002,66.4283
9/10/2002,66.8438
9/9/2002,66.0856
9/6/2002,65.6046
9/5/2002,64.7152
9/4/2002,65.2692
9/3/2002,64.3508
8/30/2002,66.902
8/29/2002,67.1645
8/28/2002,67.1353
8/27/2002,68.6369
8/26/2002,69.4388
8/23/2002,68.9577
8/22/2002,70.4739
8/21/2002,69.796
8/20/2002,68.8046
8/19/2002,69.5408
8/16/2002,67.9518
8/15/2002,68.1558
8/14/2002,67.2228
8/13/2002,64.8538
8/12/2002,66.0565
8/9/2002,66.5449
8/8/2002,66.297
8/7/2002,64.2196
8/6/2002,63.1188
8/5/2002,61.0633
8/2/2002,63.2647
8/1/2002,64.7152
7/31/2002,66.4501
7/30/2002,66.2897
7/29/2002,65.4369
7/26/2002,62.3972
7/25/2002,61.2309
7/24/2002,61.7557
7/23/2002,58.2787
7/22/2002,59.9188
7/19/2002,61.7485
7/18/2002,64.0009
7/17/2002,66.144
7/16/2002,66.0127
7/15/2002,67.3103
7/12/2002,66.9531
7/11/2002,67.6966
7/10/2002,67.1499
7/9/2002,69.6866
7/8/2002,71.4871
7/5/2002,72.391
7/3/2002,69.621
7/2/2002,69.2274
7/1/2002,70.729
6/28/2002,72.1358
6/27/2002,72.4784
6/26/2002,71.232
6/25/2002,71.1153
6/24/2002,72.7482
6/21/2002,72.3691
6/20/2002,73.5186
6/19/2002,74.4702
6/18/2002,76.2499
6/17/2002,75.6324
6/14/2002,73.6567
6/13/2002,73.7656
6/12/2002,74.5138
6/11/2002,74.0634
6/10/2002,75.3564
6/7/2002,75.0659
6/6/2002,75.153
6/5/2002,76.7148
6/4/2002,76.0029
6/3/2002,75.8141
5/31/2002,77.8843
5/30/2002,77.7245
5/29/2002,77.9424
5/28/2002,78.5235
5/24/2002,78.9521
5/23/2002,79.9763
5/22/2002,79.1337
5/21/2002,78.9593
5/20/2002,79.6857
5/17/2002,80.5574
5/16/2002,80.1652
5/15/2002,79.7511
5/14/2002,80.0635
5/13/2002,78.3564
5/10/2002,76.7947
5/9/2002,78.2693
5/8/2002,79.1845
5/7/2002,76.3443
5/6/2002,76.6131
5/3/2002,78.1458
5/2/2002,79.0029
5/1/2002,79.308
4/30/2002,78.3492
4/29/2002,77.6228
4/26/2002,78.0078
4/25/2002,79.5187
4/24/2002,79.4751
4/23/2002,80.2814
4/22/2002,80.63
4/19/2002,81.9957
4/18/2002,81.6979
4/17/2002,82.0538
4/16/2002,82.2282
4/15/2002,80.3177
4/12/2002,80.9352
4/11/2002,80.3322
4/10/2002,82.3807
4/9/2002,81.4582
4/8/2002,82.032
4/5/2002,81.8577
4/4/2002,81.8432
4/3/2002,82.1846
4/2/2002,82.7657
4/1/2002,83.2233
3/28/2002,83.187
3/27/2002,83.2233
3/26/2002,83.0054
3/25/2002,82.526
3/22/2002,83.5647
3/21/2002,83.7463
3/20/2002,83.71
3/19/2002,85.3153
3/18/2002,84.7487
3/15/2002,84.7342
3/14/2002,83.9345
3/13/2002,84.0504
3/12/2002,84.8688
3/11/2002,84.9195
3/8/2002,84.7385
3/7/2002,84.3835
3/6/2002,84.5646
3/5/2002,83.5723
3/4/2002,83.8403
3/1/2002,82.3844
2/28/2002,80.5084
2/27/2002,80.8706
2/26/2002,80.5591
2/25/2002,80.7257
2/22/2002,79.4147
2/21/2002,78.4441
2/20/2002,80.1028
2/19/2002,78.7773
2/15/2002,80.3201
2/14/2002,81.1675
2/13/2002,81.3197
2/12/2002,80.465
2/11/2002,80.7185
2/8/2002,79.7407
2/7/2002,78.2413
2/6/2002,78.7338
2/5/2002,79.0743
2/4/2002,79.5668
2/1/2002,81.5949
1/31/2002,81.9788
1/30/2002,81.0299
1/29/2002,79.8782
1/28/2002,82.4713
1/25/2002,82.2468
1/24/2002,82.2685
1/23/2002,82.015
1/22/2002,81.3921
1/18/2002,81.9571
1/17/2002,82.3337
1/16/2002,81.718
1/15/2002,83.4057
1/14/2002,82.7321
1/11/2002,83.2536
1/10/2002,84.0793
1/9/2002,83.7099
1/8/2002,84.398
1/7/2002,84.5936
1/4/2002,85.1948
1/3/2002,84.6298
1/2/2002,83.6809
12/31/2001,82.79
12/28/2001,84.0214
12/27/2001,84.0648
12/26/2001,83.5578
12/24/2001,83.1015
12/21/2001,83.2608
12/20/2001,82.7589
12/19/2001,83.5818
12/18/2001,82.9971
12/17/2001,82.5062
12/14/2001,81.6617
12/13/2001,80.8893
12/12/2001,82.4918
12/11/2001,82.398
12/10/2001,82.564
12/7/2001,84.1376
12/6/2001,84.7006
12/5/2001,84.744
12/4/2001,83.2209
12/3/2001,81.8349
11/30/2001,82.3258
11/29/2001,82.9177
11/28/2001,81.8133
11/27/2001,83.3219
11/26/2001,83.6828
11/23/2001,83.5024
11/21/2001,82.3186
11/20/2001,82.8672
11/19/2001,83.5673
11/16/2001,82.5495
11/15/2001,82.9177
11/14/2001,82.7661
11/13/2001,82.6867
11/12/2001,80.8677
11/9/2001,81.3657
11/8/2001,81.2791
11/7/2001,81.0264
11/6/2001,81.1348
11/5/2001,79.8932
11/2/2001,78.8609
11/1/2001,78.3268
10/31/2001,76.3706
10/30/2001,76.6305
10/29/2001,77.5616
10/26/2001,79.6333
10/25/2001,79.8138
10/24/2001,78.4062
10/23/2001,78.6155
10/22/2001,79.0198
10/19/2001,77.4895
10/18/2001,77.54
10/17/2001,77.706
10/16/2001,79.3951
10/15/2001,78.897
10/12/2001,79.0414
10/11/2001,79.4023
10/10/2001,78.1897
10/9/2001,76.4861
10/8/2001,76.8976
10/5/2001,77.4029
10/4/2001,77.5544
10/3/2001,77.4895
10/2/2001,76.2118
10/1/2001,75.2662
9/28/2001,75.3889
9/27/2001,73.8225
9/26/2001,73.1873
9/25/2001,73.4471
9/24/2001,72.6892
9/21/2001,70.2205
9/20/2001,70.9864
9/19/2001,73.3164
9/18/2001,74.8266
9/17/2001,75.0064
9/10/2001,79.1415
9/7/2001,78.185
9/6/2001,79.6593
9/5/2001,81.7663
9/4/2001,81.565
8/31/2001,82.09
8/30/2001,81.493
8/29/2001,83.0895
8/28/2001,83.8374
8/27/2001,85.0815
8/24/2001,85.5921
8/23/2001,83.8518
8/22/2001,84.1539
8/21/2001,83.2909
8/20/2001,84.7364
8/17/2001,83.9597
8/16/2001,85.3261
8/15/2001,85.0312
8/14/2001,85.7719
8/13/2001,85.8079
8/10/2001,85.7863
8/9/2001,85.4915
8/8/2001,85.2398
8/7/2001,86.8507
8/6/2001,86.5127
8/3/2001,87.6921
8/2/2001,88.1739
8/1/2001,87.8143
7/31/2001,87.2677
7/30/2001,86.9082
7/27/2001,86.8794
7/26/2001,86.5486
7/25/2001,85.6497
7/24/2001,84.7148
7/23/2001,85.5418
7/20/2001,87.2605
7/19/2001,87.7855
7/18/2001,87.0232
7/17/2001,87.6201
7/16/2001,86.8075
7/13/2001,87.9078
7/12/2001,87.1527
7/11/2001,85.1319
7/10/2001,85.0456
7/9/2001,86.0812
7/6/2001,85.6137
7/5/2001,87.5051
7/3/2001,89.2454
7/2/2001,89.267
6/29/2001,88.1667
6/28/2001,87.8431
6/27/2001,87.3612
6/26/2001,87.4116
6/25/2001,87.5338
6/22/2001,88.3465
6/21/2001,89.044
6/20/2001,88.0444
6/19/2001,87.5842
6/18/2001,87.203
6/15/2001,87.6273
6/14/2001,87.4864
6/13/2001,89.4943
6/12/2001,90.2687
6/11/2001,90.4265
6/8/2001,91.0719
6/7/2001,91.9252
6/6/2001,91.5954
6/5/2001,92.3627
6/4/2001,91.3157
6/1/2001,90.8783
5/31/2001,90.3189
5/30/2001,89.8528
5/29/2001,91.1293
5/25/2001,91.8607
5/24/2001,92.9579
5/23/2001,92.6854
5/22/2001,94.2845
5/21/2001,94.4064
5/18/2001,93.0368
5/17/2001,92.6137
5/16/2001,92.4702
5/15/2001,90.3404
5/14/2001,89.9246
5/11/2001,89.7453
5/10/2001,90.3691
5/9/2001,90.1038
5/8/2001,90.4838
5/7/2001,90.5269
5/4/2001,91.3157
5/3/2001,89.7883
5/2/2001,90.9428
5/1/2001,91.1078
4/30/2001,90.8281
4/27/2001,90.197
4/26/2001,88.7198
4/25/2001,88.3254
4/24/2001,87.1852
4/23/2001,87.6585
4/20/2001,89.2791
4/19/2001,90.1038
4/18/2001,88.9206
4/17/2001,85.5215
4/16/2001,84.3311
4/12/2001,85.2275
4/11/2001,83.7072
4/10/2001,83.6499
4/9/2001,82.1512
4/6/2001,81.2476
4/5/2001,82.5025
4/4/2001,79.4907
4/3/2001,79.1608
4/2/2001,81.893
3/30/2001,83.6786
3/29/2001,82.8109
3/28/2001,82.4954
3/27/2001,84.8403
3/26/2001,83.1407
3/23/2001,82.0938
3/22/2001,79.6843
3/21/2001,80.5018
3/20/2001,81.893
3/19/2001,84.1519
3/16/2001,82.4738
3/15/2001,84.1619
3/14/2001,84.1404
3/13/2001,85.8354
3/12/2001,84.4479
3/9/2001,88.2241
3/8/2001,90.9132
3/7/2001,90.813
3/6/2001,90.1694
3/5/2001,89.211
3/2/2001,88.4029
3/1/2001,89.1109
2/28/2001,88.646
2/27/2001,90.4268
2/26/2001,91.2707
2/23/2001,89.3684
2/22/2001,89.9763
2/21/2001,89.8404
2/20/2001,91.8214
2/16/2001,93.2589
2/15/2001,95.3615
2/14/2001,94.4461
2/13/2001,94.5892
2/12/2001,95.3687
2/9/2001,94.2888
2/8/2001,95.2042
2/7/2001,96.327
2/6/2001,96.8277
2/5/2001,97.1137
2/2/2001,96.4057
2/1/2001,98.6442
1/31/2001,97.9934
1/30/2001,98.5512
1/29/2001,97.693
1/26/2001,97.1745
1/25/2001,97.2862
1/24/2001,97.5321
1/23/2001,97.2415
1/22/2001,96.4817
1/19/2001,95.8447
1/18/2001,96.3923
1/17/2001,95.4424
1/16/2001,95.0066
1/12/2001,94.4032
1/11/2001,94.582
1/10/2001,94.4926
1/9/2001,92.8611
1/8/2001,93.1069
1/5/2001,92.3918
1/4/2001,95.5094
1/3/2001,96.5487
1/2/2001,92.1236
12/29/2000,93.8222
12/28/2000,95.6324
12/27/2000,95.3418
12/26/2000,94.649
12/22/2000,93.6433
12/21/2000,90.9167
12/20/2000,90.2909
12/19/2000,92.984
12/18/2000,94.9172
12/15/2000,93.6656
12/14/2000,95.8302
12/13/2000,97.0667
12/12/2000,98.4147
12/11/2000,98.8381
12/8/2000,95.5182
12/7/2000,95.2954
12/6/2000,96.6211
12/5/2000,98.1919
12/4/2000,95.0726
12/1/2000,94.2705
11/30/2000,94.315
11/29/2000,95.1394
11/28/2000,95.3177
11/27/2000,96.9888
11/24/2000,96.1421
11/22/2000,94.2148
11/21/2000,96.5209
11/20/2000,96.0307
11/17/2000,97.4232
11/16/2000,97.9469
11/15/2000,99.5065
11/14/2000,99.1946
11/13/2000,96.6545
11/10/2000,97.4121
11/9/2000,99.8407
11/8/2000,100.2195
11/7/2000,102.4921
11/6/2000,102.5144
11/3/2000,101.8014
11/2/2000,101.7457
11/1/2000,101.5786
10/31/2000,101.924
10/30/2000,100.1972
10/27/2000,99.3059
10/26/2000,97.4567
10/25/2000,97.1893
10/24/2000,99.5288
10/23/2000,100.1972
10/20/2000,99.7516
10/19/2000,99.3283
10/18/2000,95.7188
10/17/2000,96.0753
10/16/2000,98.5261
10/13/2000,98.0805
10/12/2000,94.9166
10/11/2000,97.3453
10/10/2000,98.1696
10/9/2000,99.8184
10/6/2000,100.576
10/5/2000,102.804
10/4/2000,102.4476
10/3/2000,101.6009
10/2/2000,102.559
9/29/2000,102.403
9/28/2000,103.3834
9/27/2000,102.0688
9/26/2000,101.5341
9/25/2000,102.8487
9/22/2000,103.5839
9/21/2000,101.7346
9/20/2000,103.3054
9/19/2000,104.074
9/18/2000,103.1383
9/15/2000,104.0964
9/14/2000,106.4247
9/13/2000,105.8913
9/12/2000,105.6135
9/11/2000,106.3914
9/8/2000,106.547
9/7/2000,107.2804
9/6/2000,106.3691
9/5/2000,107.5915
9/1/2000,108.4584
8/31/2000,108.3472
8/30/2000,106.9248
8/29/2000,107.9582
8/28/2000,107.936
8/25/2000,107.5693
8/24/2000,107.6138
8/23/2000,107.2804
8/22/2000,106.8581
8/21/2000,107.036
8/18/2000,106.4581
8/17/2000,106.8137
8/16/2000,105.7024
8/15/2000,106.0802
8/14/2000,106.1691
8/11/2000,104.8356
8/10/2000,104.3466
8/9/2000,104.8578
8/8/2000,105.7468
8/7/2000,105.3468
8/4/2000,104.1022
8/3/2000,103.5466
8/2/2000,102.8353
8/1/2000,102.3242
7/31/2000,101.7019
7/28/2000,101.0573
7/27/2000,103.391
7/26/2000,103.7467
7/25/2000,104.769
7/24/2000,104.4355
7/21/2000,105.0356
7/20/2000,107.1248
7/19/2000,105.658
7/18/2000,106.5136
7/17/2000,107.3915
7/14/2000,107.5693
7/13/2000,106.5248
7/12/2000,106.058
7/11/2000,105.369
7/10/2000,105.1467
7/7/2000,105.3246
7/6/2000,103.6577
7/5/2000,102.8576
7/3/2000,104.7467
6/30/2000,103.3243
6/29/2000,102.5465
6/28/2000,103.5244
6/27/2000,103.2354
6/26/2000,104.0021
6/23/2000,102.6798
6/22/2000,103.5688
6/21/2000,105.169
6/20/2000,105.2134
6/19/2000,105.5913
6/16/2000,104.2578
6/15/2000,105.1215
6/14/2000,104.8998
6/13/2000,104.7224
6/12/2000,102.7934
6/9/2000,104.0129
6/8/2000,104.2346
6/7/2000,104.6448
6/6/2000,103.9241
6/5/2000,104.3898
6/2/2000,104.8998
6/1/2000,103.1038
5/31/2000,101.33
5/30/2000,101.1082
5/26/2000,97.9153
5/25/2000,97.8044
5/24/2000,99.5118
5/23/2000,97.9153
5/22/2000,99.3788
5/19/2000,100.1326
5/18/2000,101.7291
5/17/2000,102.9929
5/16/2000,104.0794
5/15/2000,103.0816
5/12/2000,101.33
5/11/2000,100.2434
5/10/2000,98.004
5/9/2000,100.2657
5/8/2000,101.075
5/5/2000,101.8399
5/4/2000,100.6205
5/3/2000,99.8666
5/2/2000,102.2612
5/1/2000,104.3455
4/28/2000,102.9485
4/27/2000,103.5916
4/26/2000,103.9352
4/25/2000,105.1215
4/24/2000,100.9309
4/20/2000,102.0395
4/19/2000,101.5517
4/18/2000,102.5051
4/17/2000,99.8666
4/14/2000,96.4963
4/13/2000,102.3499
4/12/2000,103.7911
4/11/2000,106.718
4/10/2000,107.0284
4/7/2000,107.4497
4/6/2000,106.7733
4/5/2000,105.8532
4/4/2000,106.5184
4/3/2000,107.3166
3/31/2000,106.6958
3/30/2000,105.4985
3/29/2000,107.2945
3/28/2000,107.1836
3/27/2000,107.8044
3/24/2000,108.9574
3/23/2000,108.3144
3/22/2000,106.4962
3/21/2000,105.8532
3/20/2000,103.7246
3/17/2000,104.2568
3/16/2000,103.5723
3/15/2000,98.9499
3/14/2000,96.694
3/13/2000,98.0873
3/10/2000,99.1711
3/9/2000,99.7019
3/8/2000,96.8709
3/7/2000,96.9925
3/6/2000,98.9057
3/3/2000,99.8788
3/2/2000,98.0431
3/1/2000,97.9768
2/29/2000,97.269
2/28/2000,96.3401
2/25/2000,94.3607
2/24/2000,94.7035
2/23/2000,96.6498
2/22/2000,95.5217
2/18/2000,95.7651
2/17/2000,97.8661
2/16/2000,98.3748
2/15/2000,99.8456
2/14/2000,98.7287
2/11/2000,98.1537
2/10/2000,100.1884
2/9/2000,99.9893
2/8/2000,102.1347
2/7/2000,100.7635
2/4/2000,100.9182
2/3/2000,101.3385
2/2/2000,99.8346
2/1/2000,99.7461
1/31/2000,98.773
1/28/2000,96.1632
1/27/2000,99.2595
1/26/2000,99.6576
1/25/2000,100.4538
1/24/2000,99.3258
1/21/2000,102.2232
1/20/2000,102.4444
1/19/2000,104.0367
1/18/2000,103.1963
1/14/2000,104.0146
1/13/2000,102.6213
1/12/2000,101.25
1/11/2000,102.2674
1/10/2000,103.5059
1/7/2000,103.1521
1/6/2000,97.4902
1/5/2000,99.0826
1/4/2000,98.9057
1/3/2000,102.9308
